31.01391952	CH2O
33.02956959	CH4O
33.0425889	CH5N
35.02523313	CH3F
49.00672566	CH4S
57.0206292	C3H2O
57.03364851	C3H3N
59.03627926	C3H4O
61.02001402	C2H3O2
61.05192933	C3H6O
61.06494864	C3H7N
62.02783905	C2H4O2
63.01676808	CH3NO2
63.06757939	C3H8O
63.0805987	C3H9N
73.01554382	C3H2O2
78.00499512	C2H4OS
78.02275367	C2H4O3
78.08658429	C4H10O
78.0996036	C4H11N
79.02470201	CH4N2O2
79.03772132	CH5N3O
79.04473546	C3H8S
79.07551332	C3H9NO
80.01841722	C2H3FO2
84.95671032	CH2Cl2
89.03649706	C3H4N2O
90.0384454	C2H4N4
90.0632181	C4H7NO
92.01503754	C2H3NO3
92.09188747	C4H10N2
94.05672622	C2H7N3O
94.06374036	C4H10S
94.08149892	C4H10O2
95.9444151	C2Cl2
101.0379036	C5H4O2
101.0509229	C5H5NO
104.0685213	C4H7N3
105.0314117	C3H4N2O2
108.0359908	C2H5N3O2
108.9922216	C3H3ClO2
112.089439	C8H8
112.9959	CH5O4P
117.0328182	C5H4O3
117.1096681	C7H11N
119.0614876	C5H7NO2
120.0504166	C4H6N2O2
121.0002877	C3H2O5
121.0771376	C5H9NO2
121.0901569	C5H10N2O
121.1279489	C7H14O
123.0549957	C3H7N3O2
123.105807	C5H12N2O
124.0379195	C4H8O2S
124.0817167	C4H10N2O2
126.0713282	C4H10O4
126.9751646	CH3O5P
129.0485099	C5H4N4
129.0732826	C7H7NO
129.0863019	C7H8N2
131.0759134	C7H8O2
134.0230215	C6H5ClO
134.0427005	C4H5N3O2
135.0564022	C5H7NO3
135.0694215	C5H8N2O2
135.1072135	C7H12O2
137.0212409	C3H4N2O4
137.0720522	C5H9NO3
137.0850716	C5H10N2O2
138.0740006	C4H9N3O2
139.0499103	C3H7N3O3
139.9453333	C3FeN3
140.0328342	C4H8O3S
140.0766313	C4H10N2O3
141.0903331	C5H12O4
143.0785858	C7H7N3
145.0564438	C5H5N5
145.0681972	C7H7NO2
146.0571263	C6H6N2O2
147.070828	C7H8O3
147.0838473	C7H9NO2
147.0968666	C7H10N2O
148.0289792	C6H6O2S
150.1014457	C6H11N3O
150.1392377	C8H15NO
151.0513168	C5H7NO4
151.0843696	C7H12OS
151.1021281	C7H12O3
152.0402458	C4H6N2O4
152.9977425	C3H3ClN4O
153.0669669	C5H9NO4
153.0799862	C5H10N2O3
153.1060248	C5H12N4O
154.0689152	C4H9N3O3
155.0381653	C5H8ClNO2
155.1724862	C7H19N3
156.0689213	C8H6N2O
157.0852477	C5H12O5
157.1086617	C9H10N2
158.0585328	C8H6O3
159.0474618	C7H5NO3
159.0982731	C9H10O2
159.1112924	C9H11NO
161.0631119	C7H7NO3
161.0761312	C7H8N2O2
162.0520409	C6H6N2O3
162.1028522	C8H11NO2
163.0279506	C5H4N2O4
163.0657426	C7H8O4
164.01022	C6H4ClNO2
164.0807103	C6H9N3O2
164.1185023	C8H13NO2
165.036941	C7H7ClO2
165.8821205	C2Cl4
166.9707911	C3H4Cl2F2O
167.0462314	C5H7NO5
167.0592507	C5H8N2O4
167.0970427	C7H12O4
167.1608734	C9H18O2
168.138049	C6H15N5
169.0618815	C5H9NO5
169.1387314	C7H16N2O2
170.0838633	C6H13NO2S
170.1120165	C10H10N2
170.1914911	C8H21N3
171.0110484	C3H2F6O
172.0913134	C8H9BO3
172.1016279	C10H10O2
173.0211083	C3H8NO5P
173.1035763	C9H10N2O
174.0300708	C4H11O3PS
174.0534474	C8H6O4
175.0068593	C7H5NS2
175.0423764	C7H5NO4
175.0931877	C9H10O3
175.1192263	C9H12N2O
177.0135748	C7H4ClNO2
177.0580265	C7H7NO4
177.9725064	C6H5BrO
178.0977668	C8H11NO3
178.1107861	C8H12N2O2
178.1238054	C8H13N3O
179.0606572	C7H8O5
179.0736765	C7H9NO4
179.2013378	C11H21N
180.0188084	C6H6O4S
180.0318277	C6H7NO3S
180.044847	C6H8N2O2S
180.1134169	C8H13NO3
180.1642282	C10H18O2
181.2039685	C11H22O
182.113423	C12H10O
182.1264423	C12H11N
183.0142786	C7H5NaO2S
183.0541654	C5H8N2O5
183.0893327	C11H8O2
183.0919574	C7H12O5
183.9789638	C6H4Cl2O2
184.0561137	C4H8N4O4
184.1459829	C6H16N6
185.095854	C5H12N4O3
185.9420043	C2H5AsO5
185.9501623	C6H3Cl3
186.0787779	C6H13NO3S
186.1577424	C12H15N
187.0677069	C5H12N2O3S
187.0828408	C9H8N2O2
187.1466715	C11H14N2
188.0791807	C6H11FO5
188.0965426	C10H10O3
188.1733925	C12H17N
189.0160229	C3H8NO6P
189.0798535	C5H14NO4P
189.1362829	C11H14O2
189.8983633	C2H4S5
190.048362	C8H6O5
190.0496279	C6H5N5O2
190.0865881	C6H14FO3P
190.0874199	C8H9N3O2
190.1008829	C6H12F2N2O2
190.1382312	C10H14N2O
191.0195325	C7H5NO3S
191.0881024	C9H10O4
191.0963824	C9H12N2S
191.114141	C9H12N2O2
192.1538813	C10H16N2O
193.0529411	C7H7NO5
194.0770375	C12H6O2
194.1057008	C8H12N2O3
195.0555719	C7H8O6
195.0638519	C7H10N2O2S
195.0685912	C7H9NO5
195.1832331	C11H20O2
196.013723	C6H6O5S
196.0267423	C6H7NO4S
196.1083315	C8H13NO4
196.1187262	C12H10N2
196.1591428	C10H18O3
197.0464492	C5H7N3O5
198.0601883	C6H12N3PS
198.1083376	C12H10O2
198.1370009	C8H16N2O3
199.0821327	C7H13NO3S
199.0842473	C11H8O3
199.086872	C7H12O6
199.1767412	C9H20N2O2
201.1129167	C11H11NO2
202.0313555	C10H5ClO2
202.1656764	C12H16N2
204.0206315	C4H3F7O
204.0914572	C10H10O4
204.1552878	C12H16O2
204.1683071	C12H17NO
205.1311975	C11H14O3
205.1442168	C11H15NO2
206.0432766	C8H6O6
206.060541	C6H14ClNO2S
206.1331459	C10H14N2O2
207.083017	C9H10O5
207.1154153	C11H14ClN
207.9812353	C2H8O7P2
209.0265937	C7H7O5P
210.1006154	C8H12N2O4
210.1396733	C8H15N5O
210.202238	C12H22O2
211.0504865	C7H8O7
211.0698655	C9H11ClO3
212.1032461	C8H13NO5
212.1540574	C10H18O4
213.0014771	C7H4NNaO3S
213.0177261	C7H11BrO2
213.0867815	C7H12ClN5
213.1273425	C13H12O2
213.953143	C6H2Cl2O4
214.0703598	C8H14O2S2
214.1032522	C12H10O3
214.1319155	C8H16N2O4
214.1579541	C8H18N4O2
215.079162	C11H8O4
215.1052006	C11H10N2O2
215.9687931	C6H4Cl2O4
216.0744507	C12H9ClO
217.0309814	C9H4O6
217.0475913	C7H11Cl2N3
217.1078313	C11H11NO3
218.1319277	C16H10
219.1234814	C11H13NO3
219.1365007	C11H14N2O2
219.187312	C13H19NO
219.9870241	C8H4O3S2
219.9991646	C4H9O6PS
220.0863718	C10H10O5
220.1502024	C12H16O3
220.1762411	C12H18N2O
221.0696828	C5H14NO6P
221.1076991	C11H13ClN2
221.1261122	C11H14O4
221.1391315	C11H15NO3
221.1651701	C11H17N3O
222.0705896	C10H10ClNO2
222.0772492	C8H9N3O4
222.1280605	C10H14N2O3
222.1632279	C16H14
222.1918911	C12H20N2O
223.0779316	C9H10O6
223.1391376	C15H12O
223.1547815	C11H17NO3
224.0862396	C10H12ClNO2
224.1788779	C16H16
225.1039763	C13H9NO2
225.1279003	C9H16N4S
225.1547876	C15H14O
225.1704316	C11H19NO3
226.0668667	C12H6O4
226.0825107	C8H11NO6
226.1168294	C8H15N5S
226.1971526	C12H22O3
227.0454011	C7H8O8
227.0753502	C9H9N2NaO3
227.0908187	C9H13ClN2O2
227.1704377	C15H16O
227.1730623	C11H20O4
228.0035523	C6H6O7S
228.052126	C6H10N3O4P
228.0647582	C12H8O2S
228.0981608	C8H13NO6
228.1241994	C8H15N3O4
228.1489721	C10H18O5
228.172386	C14H16N2
229.1222571	C13H12O3
229.8979879	C2H4Cl3O4P
230.0239789	C6H10NO4PS
230.0677761	C6H12N3O4P
230.0981669	C12H10O4
230.1268301	C8H16N2O5
231.0740766	C11H8O5
231.1509265	C13H15NO2
231.9637077	C6H4Cl2O5
233.0332973	C5H10NO7P
233.102746	C11H11NO4
233.1665766	C13H17NO2
233.2173879	C15H22O
234.2063169	C14H21NO
235.0675847	C9H8N2O5
235.118396	C11H13NO4
235.1822266	C13H19NO2
235.233038	C15H24O
236.0812864	C10H10O6
236.1047004	C14H8N2O
236.1451171	C12H16O4
236.2089477	C14H22O2
236.8547176	C3H5Br2Cl
237.1210268	C11H14O5
237.1444407	C15H12N2
237.1978767	C13H21NO2
237.248688	C15H26O
238.0982024	C8H11N5O3
238.1229751	C10H14N2O4
239.0081741	C3H11NO7P2
239.0988848	C9H12N2O5
239.1249234	C9H14N4O3
239.1340522	C15H12O2
240.1469052	C10H18N4S
241.0988909	C13H9NO3
242.0472589	C6H8ClN7O
242.1646699	C14H15N3
242.1920672	C12H22O4
243.1913909	C15H18N2
244.0067469	C6H8N2O4S2
244.0930754	C8H13NO7
245.0415878	C9H4N4O4
245.1171718	C13H12O4
245.1810024	C15H18O2
245.1940217	C15H19NO
246.0496714	C6H11N2O6P
246.0575644	C12H10OS2
246.0930815	C12H10O5
246.1542875	C18H12
246.1569121	C14H16O3
247.0689912	C11H8O6
247.1588604	C13H16N2O2
248.1986008	C14H20N2O
249.0217766	C11H6Cl2N2
249.0595686	C13H10Cl2
249.1614912	C13H17NO3
250.0072753	C10H8OS3
250.1764588	C12H18N4O
250.2142509	C14H22N2O
250.9587693	C3H6O9P2
251.12633	C11H14N2O4
251.1326896	C13H16ClNO
251.1523686	C11H16N4O2
251.1771413	C13H19NO3
251.2031799	C13H21N3O
252.0844811	C10H12N2O3S
253.1393554	C15H12N2O
253.1549993	C11H17N3O3
253.1927913	C13H21NO3
254.027179	C4H13NO7P2
254.1178897	C10H14N2O5
255.0937995	C9H12N2O6
255.1198381	C9H14N4O4
255.1289668	C15H12O3
255.1398715	C11H18N2O2S
255.1639898	C13H20ClNO
256.0760689	C10H12ClNO4
257.0938056	C13H9NO4
257.9035177	C6H5Cl5
258.034248	C10H10Cl2O3
258.08062	C8H13N3O4S
258.1726038	C14H16N4
258.1869819	C12H22O5
258.9657061	C9H5Cl3O2
259.1511382	C9H18N4O4
260.0806261	C12H10N2O2S
260.0832507	C8H14N2O5S
260.1622153	C14H16N2O2
260.2000073	C16H20O2
260.2130266	C16H21NO
261.0806541	C13H10ClNO2
261.1446601	C11H17N2NaO3
261.175917	C15H18O3
261.1889363	C15H19NO2
261.9572659	C8H5Cl3O3
262.0090316	C6H8O9S
262.0879961	C12H10O6
262.1166594	C8H16N2O7
262.1334137	C14H15ClN2
262.1518267	C14H16O4
263.0877634	C13H8F2O3
263.1303611	C9H18O8
263.1537751	C13H16N2O3
263.2045864	C15H21NO2
264.1112718	C12H13ClN4
265.0925752	C11H11NO6
265.1029699	C15H8N2O2
265.1564058	C13H17NO4
265.2202364	C15H23NO2
266.053351	C6H13NO8S
266.1205622	C10H13N5O3
267.0175146	C5H12O8P2
267.0925813	C15H8O4
267.0999826	C11H14NO4P
268.0015914	C12H7Cl3
268.0590623	C12H11Cl2NO
268.0711157	C10H10O8
268.1349463	C12H16O6
268.2626075	C16H28O2
269.13427	C15H12N2O2
269.158194	C11H19N5S
269.187706	C13H21NO4
270.1128044	C10H14N2O6
270.1479717	C16H14O3
271.0674521	C9H12NO6P
271.1238814	C15H12O4
271.1395254	C11H17NO6
272.0852687	C8H12ClN7O
272.1414737	C10H17N3O5
272.1609971	C20H12
273.1551755	C11H19NO6
274.2183298	C16H21N3
274.2431025	C18H24O
276.0932993	C12H10N2O5
276.1089432	C8H15N3O7
276.1571299	C14H16N2O3
276.1922973	C20H16
276.1949219	C16H20O3
277.1708316	C15H18O4
277.1838509	C15H19NO3
277.1968703	C15H20N2O2
277.2098896	C15H21N3O
277.2346623	C17H24O2
277.9677746	C6H7ClN2O4S2
278.1467414	C14H16O5
278.2366106	C16H24N2O
278.2874219	C18H29N
279.1486897	C13H16N2O4
280.0226768	C12H7Cl2NO2
280.0734882	C14H12Cl2O
280.0868074	C10H10N4O5
280.2522607	C16H26N2O
280.2900527	C18H30O
281.0493979	C13H10Cl2O2
281.2033977	C13H21N5O
281.2281704	C15H24N2O2
282.1154768	C10H13N5O4
282.1376248	C16H12N2O2
282.2349049	C16H24FNO
283.0124292	C5H12O9P2
283.0216379	C7H13Cl2N2O3P
283.0874959	C15H8O5
283.1421978	C11H16N4O4
283.2308011	C15H25NO3
283.2816125	C17H30O2
284.0273968	C4H13N3O7P2
284.0743104	C10H12N2O5S
284.09594	C12H9F3N2O2
284.1298609	C12H16O7
284.1622592	C14H20ClNO2
284.2171055	C18H20N2
285.1291846	C15H12N2O3
286.0591826	C10H13NO4S2
286.1428863	C16H14O4
286.206717	C18H20O2
287.1096673	C9H14N4O6
287.1140568	C15H13NO2S
287.1187961	C15H12O5
287.13444	C11H17NO7
288.0611589	C10H13ClN2O3S
288.0982964	C12H16Cl2N2O
288.1401234	C16H15ClN2
288.1559118	C20H12O
289.1122981	C9H15N3O7
289.2112961	C17H21NO2
290.2002251	C16H20N2O2
291.1610009	C11H22N2O4S
292.1286306	C10H18O9
292.1898365	C16H20O4
292.3174978	C20H32
293.1657463	C15H18O5
293.2295769	C17H24O3
293.2425962	C17H25NO2
293.9757086	C6H8ClN3O4S2
294.1238974	C14H16O4S
294.1429219	C12H15N5O3
294.1937332	C14H20N4O2
295.0741556	C7H15N2O8P
295.130585	C13H15NO6
295.1436043	C13H16N2O5
295.1944156	C15H21NO4
295.2582463	C17H27NO2
296.0175915	C12H7Cl2NO3
297.0573318	C13H11Cl2NO2
297.0637671	C7H15O10P
297.1084431	C11H13N3O6
297.1722737	C13H19N3O4
297.2100657	C15H23NO4
297.9961563	C6H14INO2S
298.0332415	C12H9Cl2NO3
298.0358164	C10H10N2O4S2
298.0462608	C12H10Cl2N2O2
298.0796135	C10H12N4O4S
298.1103914	C10H13N5O5
298.1269214	C12H17N2O4P
298.1677068	C22H12
299.0824106	C15H8O6
299.0898118	C11H14NO6P
299.1371124	C11H16N4O5
299.2257158	C15H25NO4
300.0822443	C10H13N3O5S
300.1773827	C12H25NaO4S
300.1833569	C22H14
300.3162674	C18H34O2
300.8762031	C7H4Br2O3
301.1137046	C11H15NO8
301.1879299	C17H18N2O2
301.2517605	C19H24N2
302.137801	C16H14O5
302.1794835	C12H21N3O5
302.2016316	C18H20O3
303.1137107	C15H12O6
303.1293546	C11H17NO8
303.1775413	C17H18O4
303.2413719	C19H24O2
304.077867	C12H8N4O5
304.097246	C14H11ClN4O
305.1450047	C11H19NO8
305.2062107	C17H21NO3
306.1951397	C16H20N2O3
307.1436521	C17H11N5
307.1462767	C13H15N5O3
307.2218607	C17H23NO3
308.1573538	C18H13N3O
308.2746204	C18H28N2O
309.0829695	C9H18O7P2
309.0968303	C13H12O8
309.1606609	C15H18O6
309.2244915	C17H24O4
309.2375108	C17H25NO3
309.2883221	C19H30O2
309.9760542	C6H11N2O4PS3
310.0801412	C8H16NO9P
310.2642318	C18H28O3
311.0951089	C7H17N4O7P
311.1385189	C13H16N2O6
311.2531609	C17H27NO3
312.0797477	C14H10MgO6
312.149596	C18H14O4
312.17352	C14H21N3O2S
314.0745282	C10H12N4O5S
314.1090411	C16H11ClN4
314.1372213	C11H16N5O5
315.0773252	C15H8O7
315.2206304	C15H25NO5
315.2440444	C19H23N3
315.3352723	C19H36O2
316.311182	C18H34O3
317.0495652	C9H11N2O8P
317.0625845	C9H12N3O7P
317.0699984	C11H11N4NaO3S
317.2336558	C19H23NO2
318.1273219	C16H14ClN3O
318.1327156	C16H14O6
318.1743982	C12H21N3O6
318.1965462	C18H20O4
319.0652152	C9H13N2O8P
319.1086253	C15H12O7
319.1724559	C17H18O5
319.2362866	C19H24O3
319.2493059	C19H25NO2
320.2760269	C20H28O2
321.1399193	C11H19NO9
321.150314	C15H16N2O5
321.2011253	C17H21NO4
321.3952418	C19H43NO
322.196414	C18H22ClNO
322.24985	C16H31ClO3
323.2167754	C17H23NO4
324.0464469	C12H10Cl2F3NO
324.1262298	C18H11NO4
324.1418738	C14H16N2O6
324.1796658	C16H20O6
324.2009652	C16H23N3OS
324.3203463	C20H33NO
324.9518433	C7H9ClO6P2S
325.0187855	C5H8N4O12
325.1555755	C15H18O7
325.1698607	C13H18N6O3
325.2194061	C17H24O5
325.2654782	C19H30OS
325.2832367	C19H30O3
326.0620365	C8H15O11P
326.2473931	C16H26N4O2
326.2591465	C18H28O4
326.3229771	C20H34O2
327.1047703	C17H10O6
327.1842449	C15H21NO6
327.2480755	C17H27NO4
327.2584702	C21H24N2
328.1445106	C18H14O5
330.0304222	C10H12N3O3PS2
331.2259397	C19H22N2O2
332.2526607	C20H25NO2
332.303472	C22H30O
332.3060967	C18H34O4
332.3699273	C20H40O2
333.0824962	C15H10ClN3O3
333.1295724	C11H17N3O8
333.142242	C17H18N2S2
333.2285704	C19H23NO3
334.0581815	C10H13O10P
334.1276302	C16H14O7
334.1359103	C16H16N2O3S
334.1419154	C14H14N6O3
334.1770828	C20H14N4
334.1914608	C18H20O5
335.0601299	C9H13N2O9P
335.1035399	C15H12O8
335.1274639	C11H19N3O6S
335.2312012	C19H24O4
335.2442205	C19H25NO3
335.2950318	C21H30O2
335.9236468	C12H5Cl5
336.1459049	C12H20O10
336.1493324	C16H15FN2O4
336.2709415	C20H28O3
336.2839608	C20H29NO2
337.1960399	C17H21NO5
337.2284382	C19H25ClN2
337.2598706	C19H27NO3
338.1563057	C20H14O4
338.2110076	C16H22N4O3
338.3256495	C20H33N3
339.117693	C13H14ClN7O
339.173898	C15H19N3O5
339.2180497	C19H25ClO2
340.1367884	C14H16N2O7
340.277469	C18H29N3O2
341.1504901	C15H18O8
341.2143207	C17H24O6
341.2781514	C19H30O4
341.288546	C23H27N
341.341982	C21H36O2
342.0087751	C8H8F3N3O4S2
342.1263998	C14H16O9
342.2136444	C20H20N2O2
343.1895542	C19H18N2O3
343.2252316	C17H27NO3S
344.1302965	C12H16N4O7
344.1394253	C18H14O6
344.2032559	C20H20O4
344.2801058	C22H27NO
345.0420757	C13H11Cl2NO5
345.1319449	C15H19Cl2N3O
345.2429962	C21H24O3
346.0101656	C6H13NO11S2
346.0534527	C14H6N2O8
347.0745557	C11H14NO9P
347.0817942	C17H12ClNO2S
347.1336471	C13H21N2O4PS
347.2208543	C19H22N2O3
348.1993887	C14H24N2O7
348.2371807	C16H28O7
349.0837705	C17H12Cl2N2O
349.0927548	C15H18Cl3NO
349.1067285	C11H17N3O7S
349.1212549	C17H13ClFN3O
349.1391268	C13H21ClN4O2S
349.1726737	C17H18N2O5
349.2034985	C19H20FNO3
349.223485	C19H23NO4
350.1225448	C16H14O8
350.1642274	C12H21N3O8
350.2632254	C20H27NO3
350.3140367	C22H32O2
351.1223786	C11H19N3O7S
351.1622852	C17H18O7
351.2261158	C19H24O5
351.2391351	C19H25NO4
351.2899464	C21H30O3
351.315985	C21H32N2O
351.9185614	C12H5Cl5O
352.0448523	C12H8N4O6S
352.1408195	C12H20O11
352.146475	C16H18N2O4S
352.1746282	C20H15N3O2
352.2658561	C20H28O4
352.2788755	C20H29NO3
353.1661818	C15H18N4O5
353.2547852	C19H27NO4
354.0538428	C14H11ClN2O4S
354.1512203	C20H14O5
354.199917	C18H24O4S
354.2437142	C18H26N2O4
355.0799093	C15H13Cl2N3O2
355.1193974	C11H22NO7PS
355.2148847	C17H25N3O2S
355.2704352	C19H29NO4
356.131703	C14H16N2O8
357.1454047	C15H18O9
357.2033587	C16H23N2O6
357.273066	C19H30O5
358.1213145	C14H16O10
358.2085591	C20H20N2O3
358.3128063	C20H34O4
359.1844688	C19H18N2O4
360.0674403	C16H15Cl3O2
360.1343399	C18H14O7
360.1981705	C20H20O5
360.2372284	C20H23N3O2
360.2620011	C22H26O3
360.2750204	C22H27NO2
361.2379109	C21H24O4
362.2906705	C22H29NO2
363.2561856	C17H30O7
364.104434	C12H16O12
364.2424899	C20H25NO4
364.3063206	C22H31NO2
365.1675884	C17H18N2O6
365.2183997	C19H23NO5
365.2377787	C21H26ClNO
365.9854711	C10H16Br2N2O2
366.1387588	C16H17N3O4S
366.3089513	C22H32O3
366.3219706	C22H33NO2
367.2210304	C19H24O6
367.2340497	C19H25NO5
367.284861	C21H30O4
367.3486917	C23H36O2
368.1413896	C16H18N2O5S
368.1759025	C22H17ClN2
368.1791816	C18H22O5S
368.2607708	C20H28O5
368.275056	C18H28N6O
368.3376207	C22H35NO2
370.1461349	C20H14O6
370.1538966	C16H14F3N5O
370.1948317	C18H24O5S
371.1273313	C11H23N2O7PS
371.1637272	C15H19N3O7
371.19678	C17H24N2O4S
371.2119139	C21H20N2O3
371.2653499	C19H29NO5
372.101545	C16H16Cl2N2O3
372.1257495	C16H14F3N3OS
372.1644096	C16H20O9
372.2776929	C22H26N4
373.1152467	C17H18Cl2O4
373.2124301	C17H26N2O4S
373.3318112	C21H36O4
374.0552848	C12H12ClN5O4S
374.1375285	C14H19N3O6S
374.2673043	C22H26N2O2
374.307721	C20H34O5
375.2184413	C19H21N5O2
375.2328194	C17H27NO7
375.3074883	C21H32F2O2
376.1531785	C14H21N3O6S
376.1930851	C20H20O6
376.2569158	C22H26O4
376.2699351	C22H27NO3
377.1375625	C19H16ClNO4
377.1772749	C19H20N2O3S
377.2328255	C21H24O5
378.108733	C18H15ClN2O2S
378.2855851	C22H29NO3
379.1151962	C13H19O10P
380.0723854	C10H13FN5O7P
380.1892179	C14H24N2O9
380.3012352	C22H31NO3
381.2063471	C19H21FN2O4
381.2133143	C19H23NO6
381.9565712	C14H9Cl5O
382.1149987	C12H18O13
382.1171507	C16H16NO7P
382.1336734	C16H17N3O5S
382.1952761	C18H20FN3O4
382.2530546	C20H27NO5
382.3168853	C22H33NO3
383.215945	C19H24O7
383.2797757	C21H30O5
383.3436063	C23H36O3
384.2556854	C20H28O6
385.2446144	C19H27NO6
386.1410496	C20H14O7
386.1519543	C16H20N2O6S
386.1697128	C16H20N2O8
387.0148425	C13H10ClN3O4S2
389.178163	C17H18F3N3O3
389.1990646	C17H24O9
389.3267259	C21H36O5
390.1324431	C14H19N3O7S
390.1749743	C16H22O10
390.2622189	C22H26N2O3
390.3026356	C20H34O6
390.4302968	C24H46O2
391.1689043	C19H18ClN5O
392.1879998	C20H20O7
392.1906244	C16H24O10
392.2270577	C20H23N3O4
392.2518304	C22H26O5
392.2648497	C22H27NO4
393.2277401	C21H24O6
394.1554631	C14H21NO11
394.1658578	C18H18N2O7
395.0774427	C13H18ClN3O4S2
395.1769349	C23H16O5
395.8495571	C10H5Cl7O
396.1528446	C22H14O6
397.2076214	C21H23ClFNO2
398.1867633	C14H25NO11
398.1945333	C22H18N2O4
398.1987784	C20H25ClN2OS
398.3061818	C18H38NO5P
398.3117999	C22H33NO4
399.0315457	C9H14N2O11P2
399.1991063	C17H22N4O6
399.2746903	C21H30O6
400.2506	C20H28O7
400.3274499	C22H35NO4
401.0645973	C13H13N5O5S2
401.08937	C15H16N2O6S2
401.1062497	C11H20NO12P
401.1240189	C17H14F3N3O2S
401.2238851	C23H22O5
401.239529	C19H27NO7
402.1359642	C20H14O8
402.2636254	C24H26O4
402.2792694	C20H31NO6
403.1572915	C21H17ClN2O3
403.1757045	C21H18O7
404.0291641	C16H13Cl3N2OS
404.0561571	C12H13N5O6S2
404.1377463	C14H19N5O6S
404.1507656	C14H20N6O5S
404.2193354	C16H25N5O6
404.2388588	C26H20N2O
405.168599	C17H21ClFN3O4
405.2942431	C23H29N3O2
406.0990815	C12H16N5O8P
406.169889	C16H22O11
406.2257012	C22H24ClN3O
406.2337196	C18H28O9
406.2571336	C22H26N2O4
406.2975502	C20H34O7
407.2082706	C19H21N5O4
408.0209377	C10H16KNO9S2
408.246745	C22H26O6
408.3105756	C24H32O4
409.0837574	C9H22O13P2
409.2226547	C21H24O7
410.0310339	C10H14N5O6PS2
410.1607724	C18H18N2O8
410.1998304	C18H21N5O5
410.2888773	C20H32F2O5
410.339245	C24H35NO3
411.2329111	C21H26ClN3O2
412.0605586	C12H14AlMgNO11
412.279311	C20H29N5O3
412.3548951	C24H37NO3
412.431745	C26H44N2
412.8470745	C9H6Cl6O3S
413.2005189	C23H19NO5
413.4076547	C25H42N2O
414.0679521	C14H13N5O5S2
414.0927248	C16H16N2O6S2
414.2428839	C20H27NO7
414.2936952	C22H32O6
414.3067145	C22H33NO5
414.4343757	C26H45NO
415.0264603	C9H14N2O12P2
416.0189393	C12H15AsN6OS2
416.3037272	C18H39O7P
417.2187997	C23H22O6
418.274184	C20H31NO7
419.1706191	C21H18O8
419.2604884	C23H26N2O4
419.2655139	C21H36BrNO
420.1527441	C14H26Cl2N2O7
423.0777988	C17H13N3O5S2
423.2010042	C21H19F2N3O3
423.2383526	C25H21N3O2
423.2917885	C23H30N2O4
423.3934111	C27H40O2
424.1379224	C14H21N3O9S
424.2452004	C22H29N3S2
424.3054902	C24H32O5
424.3185096	C24H33NO4
425.2175693	C21H24O8
425.2340161	C25H20FN3O
425.2366407	C21H24FN3O4
425.3452306	C25H36O4
426.1252963	C12H20N5O9P
426.209123	C16H27NO11
426.2682144	C18H34N2O6S
427.1928028	C23H18N2O5
427.2100671	C21H26ClN3OS
427.2656177	C23H30ClNO3
428.1752082	C20H17F3N2O4
428.2859791	C22H31NO6
429.0778586	C15H14Cl2F3N3O3
429.4664	C27H48N2
430.2063662	C20H25ClN2O5
430.2330593	C20H28N2O5S
430.2441582	C22H29ClO5
430.2886098	C22H32O7
430.4801017	C28H50O
431.1972156	C17H24N6O4S
431.3283502	C23H36O6
431.4560114	C27H48O2
432.1765986	C18H22O11
432.2487093	C20H30N2O5S
433.2137143	C23H22O7
433.3413756	C27H34O3
434.1804953	C16H22N4O9
434.1896241	C22H20O8
434.2534547	C24H26O6
435.1655338	C21H18O9
436.2800094	C20H34N2O5S
436.2951434	C24H30N2O4
436.34333	C30H31N
437.120894	C19H17N3O4S2
437.2663138	C23H29N3O2S
438.2235488	C18H28O11
438.2292042	C22H26N2O4S
438.3551205	C24H39NaO4
438.5427019	C28H58O
439.2867031	C23H30N2O5
439.3883258	C27H40O3
439.4521564	C29H46O
440.0655403	C12H18N4O7P2S
440.2365742	C22H26O8
440.2604983	C18H33N3O6S
440.2886515	C22H30N4O4
440.3004049	C24H32O6
440.3642355	C26H38O4
440.4280661	C28H44O2
441.212484	C21H24O9
441.2619366	C25H24N4O2
442.0386217	C10H14N5O10PS
442.0481376	C10H15N5O10P2
442.2495997	C26H24O5
443.1040136	C17H17N3O6S2
444.1107012	C16H16N4O8S
444.2343274	C18H33ClN2O5S
445.1923653	C21H23ClFNO5
445.2097271	C25H22ClNO3
445.2190114	C19H25N3O8
446.0955734	C16H17N3O7S2
446.2835244	C22H32O8
446.4750163	C28H50O2
447.3232648	C23H36O7
447.450926	C27H48O3
448.1441159	C20H15N3O8
448.4242111	C30H42O
449.024923	C15H14ClN3O4S3
449.1516554	C19H22KN3O4S
449.4001208	C29H40O2
450.1845387	C22H20O9
450.2483693	C24H26O7
450.3252192	C26H33NO4
452.2214881	C22H25N3O4S
452.236622	C26H21N3O3
452.2799627	C22H38O4Zn
452.3408693	C26H35NO4
452.3538886	C26H36N2O3
453.4470649	C25H49NO4
455.2816178	C23H30N2O6
455.3832404	C27H40O4
456.2314889	C22H26O9
456.2953195	C24H32O7
456.4229807	C28H44O3
457.3294418	C21H41O7P
457.3350598	C25H36O6
459.0785948	C19H16Cl2N2O4S
459.2230486	C21H26O10
459.2842546	C27H28O5
461.2133185	C21H25ClFN3O4
462.2784391	C22H32O9
462.4699309	C28H50O3
463.2365902	C21H30O8S
463.2422954	C23H31Cl2NO3
463.2543488	C21H30O10
463.4458407	C27H48O4
464.1486693	C18H22O11S
465.2934128	C25H30N2O5
465.3168268	C29H28N4
466.1087688	C16H20N2O9S2
466.1751012	C16H24N5O8P
466.2432839	C24H26O8
466.3201339	C26H33NO5
466.4347758	C30H44O2
467.1826675	C19H19N7O6
467.604802	C31H64
468.077518	C16H16N3NaO7S2
468.2563093	C28H24O5
468.3996145	C28H41NO3
470.222414	C24H20N6O3
471.2139677	C19H23N7O6
471.363777	C29H34N4
472.2140426	C22H24ClFN4O3
472.2902341	C24H32O8
472.481726	C30H50O2
473.174752	C23H19ClF3NO3
473.333865	C19H39N5O7
475.2791693	C27H28O6
475.3338711	C23H36N4O5
476.2811176	C26H28N2O5
476.3076735	C20H42O7P2
476.89689	C15H13Br3O2
477.0066044	C15H10O13S2
477.1476792	C15H29O10P3
477.2672776	C21H31ClN6O3
478.1466584	C20H22Cl2N2O6
478.1691064	C22H18N2O9
478.2225424	C20H27NO11
478.4648456	C28H50O4
479.0108954	C9H16N3O13P3
479.2019929	C19H28N4O5S2
479.4407553	C27H48O5
481.2992321	C21H36N4O5S
481.3521581	C27H36N2O4
486.3263621	C26H34FNO5
486.3463486	C26H37NO6
487.2454084	C23H28O10
487.3730696	C27H40O6
488.1548628	C24H16O10
488.2851487	C24H32O9
488.4766406	C30H50O3
489.1594732	C19H23N4O6PS
489.3248891	C25H36O8
490.3720307	C22H46NO7P
491.0814434	C19H17Cl2N3O5S
491.1878053	C23H26Cl2O6
491.2102533	C25H22O9
491.2128779	C21H26O12
491.2258972	C21H27NO11
491.2767085	C23H32O10
492.2929421	C20H32N8O5
494.217457	C20H27NO12
494.4597602	C28H50O5
495.00581	C9H16N3O14P3
495.5633311	C31H60O2
497.0862924	C13H26NO10PS3
497.112925	C19H19ClN3NaO6S
497.6428118	C33H68
498.1965871	C20H21N7O7
498.2825658	C28H26N4O3
498.3607744	C28H38O6
498.424605	C30H44O4
499.1253191	C17H23NO11S2
500.206232	C22H25N3O7S
500.2252564	C20H24N8O6
501.1730328	C23H21N2NaO6S
501.3562248	C21H41N5O7
502.1341274	C24H14O11
503.240323	C23H28O11
504.1497775	C24H16O11
504.2794558	C26H32ClFO5
504.4715552	C30H50O4
505.2030472	C17H30N2O12S
505.3436613	C27H36F2O5
506.0065341	C10H15N4O13P3
506.2605461	C18H34N2O13
507.3144161	C29H33ClN2O2
507.3328291	C29H34O6
509.0111132	C9H16N5O13P3
509.3745178	C29H38N2O4
510.2579336	C30H24O6
510.3861049	C26H45NO5S
511.3901679	C29H40N2O4
512.3894916	C32H36N4
513.3797793	C29H40O6
514.3817277	C28H40N2O5
514.4195197	C30H44O5
516.2566972	C24H29NO10
517.3511394	C21H41N5O8
518.2513096	C28H26ClN3O3
519.2120854	C23H28ClN3O5S
519.2990683	C25H34O10
519.3581596	C27H41NO5S
520.0318707	C12H19N4O10P3S
520.2085227	C26H22O10
520.2697287	C32H24O5
520.4664698	C30H50O5
521.2743017	C27H28N2O7
521.3147183	C25H36O10
521.3385759	C27H36F2O6
522.0014487	C10H15N4O14P3
522.0049521	C10H15N5O13P2S
522.41355	C28H47NO4S
523.2625265	C25H24F6N4
523.3094668	C25H32F3N3O4
523.3277437	C29H34O7
524.2006579	C18H34ClN2O8PS
526.3810195	C26H45NO6S
526.3857588	C26H44O9
527.2396627	C25H28N2O7S
528.0137232	C14H14N3O12PS2
528.0623826	C12H21NO17S2
529.1870926	C17H25N5O13
529.3108633	C27H34O9
530.4144343	C30H44O6
531.0739527	C19H18Cl2N3NaO6S
534.1609	C20H22N4O10S
535.1853835	C19H24N7O8P
535.2939829	C25H34O11
535.3530743	C27H41NO6S
536.2008127	C30H18O8
536.3063259	C28H31N3O6
537.1008196	C19H17N6NaO6S2
537.3048937	C25H37NO8S
537.9916241	C10H16N5O12P3S
538.5382405	C36H54O
540.2165173	C14H33N10O7PS
541.3005164	C27H32N2O8
542.3759342	C26H45NO7S
542.5851846	C32H63NO3
543.116462	C19H17N9O5S2
543.3400977	C25H44O7P2
544.2143975	C26H25N2NaO6S
544.2933421	C24H31N7O6
544.3311341	C26H35N5O6
545.3057779	C27H34O10
545.3696086	C29H40O8
546.1106537	C16H24N4O10P2S
546.4093489	C30H44O7
547.2575974	C25H30O12
548.131043	C16H25N3O13P2
548.2947131	C30H30O8
549.3370781	C27H38O10
549.6597809	C10Cl12
551.3630949	C27H38F6O3
552.0854932	C14H22N2O16P2
552.2361749	C30H26CaO6
554.2490766	C32H18N8
554.5331551	C36H54O2
555.3533789	C24H40N5O8
556.0199473	C10H18N5O15P3
556.3325406	C28H35N3O7
558.2426775	C30H24O9
560.3378021	C28H37NO9
560.5801053	C36H60O2
561.0966058	C15H21N5O13P2
561.3006926	C27H34O11
561.3645232	C29H40O9
562.2527956	C26H31Cl2N5O3
562.4042635	C30H44O8
563.1582906	C17H26N3O15P
563.199076	C27H21NO11
564.1672157	C18H26O19
565.2681621	C25H32O13
565.329368	C31H34O8
565.3358832	C21H41N5O11
566.1285884	C16H26N2O15P2
566.2270691	C30H20N4O6
566.3696184	C24H47NO10S
567.1044981	C15H24N2O16P2
567.2838121	C25H34O13
569.059871	C19H16N5NaO7S3
570.4004085	C32H42O7
571.2500832	C23H36N4O5S3
571.5039795	C35H52O4
572.6231944	C34H67NO3
573.4049876	C31H43NO7
577.2043792	C27H21N3O10
577.2956072	C27H34O12
577.3594378	C29H40O10
578.3613861	C28H40N2O9
578.3991781	C30H44O9
579.1884027	C21H26N8O6S2
579.1939907	C27H21NO12
579.2026578	C21H26N7O9P
579.3750879	C29H42O10
580.1847029	C18H31N3O13P2
581.0837627	C15H22N2O17P2
581.1475933	C17H28N2O15P2
581.2418448	C23H32N6O6S2
581.2630767	C25H32O14
581.3907379	C29H44O10
582.123503	C16H26N2O16P2
583.0994127	C15H24N2O17P2
583.1806449	C21H27N5O9S2
583.2787267	C25H34O14
584.3010201	C28H39Cl3N4O
586.3953231	C32H42O8
587.1725151	C23H30Cl2NNa2O6P
587.240947	C31H24O10
587.4350635	C33H46O7
590.360168	C34H36O7
591.3387024	C29H38O11
591.364741	C29H40N2O9
591.4155523	C31H45NO8
593.3021824	C29H30N6O6
594.3940928	C30H44O10
595.3700025	C29H42O11
596.1027676	C16H24N2O17P2
596.1796175	C18H31N3O14P2
597.0786773	C15H22N2O18P2
597.3856526	C29H44O11
598.257315	C28H28N2O11
599.3582613	C35H34N2O5
599.5041912	C31H55N3O6
600.3602097	C34H34N4O4
602.4115371	C32H45N3O4S
603.4299781	C33H46O8
604.9724871	C15H17I2N5O4
606.5465745	C40H54O2
608.4398126	C28H52O12
609.3041111	C31H33N3O6S
611.1478111	C17H28N4O15P2
613.2476566	C33H24O10
613.3805672	C29H44O12
616.4194722	C30H52O7P2
617.3857359	C29H40N8O5
618.0855784	C14H26N3O17P3
619.2307762	C31H24O12
619.3466841	C33H34N4O6
619.3844761	C35H38N2O6
619.4248927	C33H46O9
621.3753534	C33H37N5O5
624.1946061	C22H27N9O7S2
624.4321026	C32H48O10
625.280351	C27H34O15
625.4718429	C33H52O9
626.43075	C38H40N4O2
626.8006088	C11H9I3N2O4
627.2960011	C27H36O15
627.4092843	C33H42N4O6
630.1883669	C26H27IN6O3
631.4405845	C33H46N4O6
631.6464544	C37H70O5
633.4171766	C33H45NO9
634.4595416	C30H53NO11
635.483638	C35H52O8
636.3318864	C30H38O13
636.3957171	C32H44O11
637.3486064	C35H34MgN4O4
638.4239619	C32H47F5O3S
640.1327043	C22H24N6O9S3
641.2752657	C27H34O16
643.3781603	C33H40N2O9
644.3514454	C36H34N2O7
645.3299798	C31H36N2O11
647.1177722	C19H24N8O10S3
647.3977071	C31H42N6O7
649.3122209	C35H30MgN4O5
649.4641684	C33H49N5O6
650.3749816	C32H42O12
650.5026429	C36H54O8
651.1842397	C25H28N6O7S3
651.327871	C35H32MgN4O5
651.4785526	C35H52O9
652.3906317	C32H44O12
653.343521	C35H34MgN4O5
656.1748894	C24H26N2O16S
658.3950506	C30H47N3O9S
659.1467623	C18H33FeO21
660.5000599	C40H48N4O2
664.4310961	C34H47NO10
664.808725	C15H9I3O5
665.223794	C27H29N3O13S
667.3119244	C31H35N2NaO11
667.4439553	C33H50N4O6S
667.7287897	C43H76O2
669.4369472	C35H44N6O5
671.4005201	C35H42N2O9
675.4696122	C37H50O9
675.4747687	C29H52N10O6
676.4056153	C30H49N3O10S
676.4949745	C40H48N4O3
677.3150698	C31H37N3O10S
680.4260107	C34H47NO11
683.672893	C41H71NO4
684.4442916	C34H50O12
687.3889306	C25H48N6O14
688.3418325	C32H38N6O7S
689.2483544	C34H32ClFeN4O4
689.4110848	C35H44N2O10
690.0874205	C16H26N5O18P3
692.5081577	C32H57N5O9
693.4397602	C39H44N2O7
696.4209254	C34H47NO12
697.9420434	C10H18N5O20P5
698.5512174	C38H60O9
699.4124851	C33H47NO13
700.1452502	C20H29N3O19P2
702.235967	C30H27N3O15
709.5428127	C33H61N5O9
711.4104183	C33H47N5O8S
714.3546401	C32H42O16
715.1985738	C21H35N7O13P2S
723.3709092	C25H43N13O10
724.4693237	C36H51N3O10
728.4615659	C36H52O13
732.3599555	C40H36O11
734.1046948	C18H28N5O19P3
734.3326682	C26H45NO21
734.4680995	C38H50N2O10
738.4095303	C36H46O14
739.371062	C37H38N4O10
741.6638139	C39H76NO7P
742.3769999	C34H44O16
745.2165502	C21H35N9O15P2
748.3548701	C40H36O12
750.4630141	C38H50N2O11
752.1228525	C28H32Cl2O10P2S2
752.4361329	C36H49N5O8S
757.6587285	C39H76NO8P
759.6587346	C43H73O6P
760.4513952	C36H52O15
762.5782211	C40H68O7P2
764.6103565	C40H68O11
773.5954306	C41H65NO10
774.3707197	C28H47N5O18
775.7230979	C49H74O4
776.3824792	C34H46O18
779.304959	C39H32O15
782.3837634	C44H36N2O9
783.2724285	C37H30O17
785.3645549	C27H51FeN9O12
785.5616697	C37H65NO14
790.3617437	C34H44O19
790.8059334	C52H82O2
796.9022306	C17H22I3N3O8
804.7313933	C42H84NO8P
805.3542675	C41H38N6O5S2
810.3301704	C30H43N6O16P
810.552053	C42H59N3O10
811.4854315	C39H54N6O8S
812.0423559	C18H26N4O23P4
812.3458204	C30H45N6O16P
815.3807903	C35H44N4O16
823.2366792	C27H35N9O15P2
826.7068028	C44H80NO8P
827.3648253	C31H47N6O16P
828.7706396	C50H83O4P
832.1646726	C32H32O16S4
835.2246419	C35H28O22
835.6375548	C41H69N7O8
840.6174601	C42H70O14
841.6063892	C41H69NO14
842.6331102	C42H72O14
848.8024724	C54H82O4
851.4878983	C43H53NO14
859.6025758	C43H65N5O10
867.2045383	C25H40N7O17P3S
867.3551517	C39H41NO19
867.3699542	C31H53N3O19P2
870.1960981	C24H40N7O18P3S
873.3810642	C43H42ClN3O12
873.4529132	C41H52O18
875.1689893	C23H38N3O25P3
879.6561879	C41H76N2O15
880.3975645	C40H44N4O16
882.3871759	C40H44N2O18
884.188382	C24H39N8O18P3S
885.215103	C25H42N7O18P3S
885.6080196	C47H66O13
887.4960084	C43H56O17
888.2704934	C26H48N7O17P3S
889.3759789	C43H42ClN3O13
891.5281897	C49H58FeN4O5
898.0755397	C20H28N10O21P4
898.3820905	C40H44N2O19
898.4081292	C40H46N4O17
900.2341079	C26H44N7O18P3S
901.4856676	C47H51NO14
904.3365468	C42H38O20
904.5045319	C44H52N8O10
905.5065731	C43H58O18
910.1820723	C26H38N7O19P3S
910.245903	C28H44N7O17P3S
912.1977224	C26H40N7O19P3S
915.2531128	C27H46N7O18P3S
921.8818468	C59H90O4
922.2095174	C28H40N7O18P3S
922.6975526	C44H80N2O15
925.4545792	C43H50N4O16
927.2167273	C27H42N7O19P3S
927.6707571	C55H62N10
929.277312	C28H48N8O17P3S
929.5757485	C45H62N6O12
931.292962	C28H50N8O17P3S
932.2239371	C26H44N7O20P3S
937.2285224	C29H42N7O18P3S
940.4042153	C34H54Cl2N10O14
941.4494938	C43H50N4O17
942.2357322	C28H44N7O19P3S
942.4306528	C34H56N4O24
942.4436721	C34H57N5O23
942.4892341	C44H54N4O16
944.5048842	C44H56N4O16
947.6515026	C45H75NO17
951.6033281	C47H68O17
951.707969	C55H72MgN4O5
958.2944774	C30H50N7O18P3S
959.3342178	C31H54N7O17P3S
962.7681467	C56H78N4O6
967.7028836	C55H72MgN4O6
969.7185337	C55H74MgN4O6
973.3134823	C31H52N7O18P3S
974.1366582	C28H38Cl2N7O17P3S
983.4954253	C37H61N7O21
989.3722276	C33H58N7O17P3S
992.695498	C48H80O18
994.711148	C48H82O18
996.843592	C56H93O9P
1010.244066	C32H44N7O20P3S
1010.732101	C48H84N2O17
1022.410003	C34H58N5O26P
1024.23635	C32H43N8O20P3S
1028.654063	C44H77N5O19
1042.397528	C46H46N2O23
1049.448247	C37H66N7O17P3S
1050.293871	C36H48N7O19P3S
1068.715621	C50H83NO20
1079.17423	C66H125NO5
1081.705956	C51H82O21
1084.710536	C50H83NO21
1099.716521	C51H84O22
1108.66371	C50H71N13O12
1109.741335	C53H85NO20
1111.743966	C53H86O21
1113.695786	C51H82O23
1115.711436	C51H84O23
1124.684664	C50H73N15O11
1156.760564	C58H84N2O18
1176.510667	C42H70O35
1194.521232	C42H72O36
1204.33253	C48H49N13O9S6
1209.52243	C45H74N7O20P3S
1212.871646	C60H92N12O10
1220.701427	C62H79ClN4O13S
1234.513249	C42H71N6O31P
1253.707135	C55H75N17O13
1260.681901	C48H84N8O27
1267.789474	C57H94O27
1273.503317	C43H70N10O27P2
1281.768738	C57H92O28
1285.800038	C57H96O28
1288.020107	C63H111N11O12
1295.811833	C59H96O27
1297.631511	C24H21I6N5O8
1318.983308	C62H114N2O23
1327.801663	C59H96O29
1348.837503	C66H87N13O13
1374.167178	C36H46N16Na4O21S6
1406.835308	C66H86N18O12
1492.549346	C42H92N10O34S5
1522.624933	C66H75Cl2N9O24
1526.88591	C70H104O32
1547.001901	C72H110N12O20
1708.901508	C72H101N17O26
1830.318774	C95H146O28
1893.528817	C94H178N2O25P2
1931.246443	C84H154N2O37P2
1954.448859	C82H56O52
1956.464509	C82H58O52
1972.809472	C88H95Cl2N9O33
1977.352234	C94H156N8O26P2
2022.345418	C95H156N8O28P2
2259.095182	C92H130N28O24S4
2277.491295	C104H172N14O30P2
2692.372005	C119H154ClN21O40
5192.682035	C27H4804
5193.68986	C27H4805
