30.01056469	CH2O
32.02621475	CH4O
32.03923406	CH5N
34.0218783	CH3F
48.00337082	CH4S
54.01056469	C3H2O
54.02358399	C3H3N
56.02621475	C3H4O
58.04186481	C3H6O
58.05488412	C3H7N
59.01330434	C2H3O2
60.02112937	C2H4O2
60.05751488	C3H8O
60.07053419	C3H9N
62.01341324	CH3NO2
70.00547931	C3H2O2
74.07316494	C4H10O
74.08618425	C4H11N
75.99828544	C2H4OS
76.01604399	C2H4O3
76.03467095	C3H8S
76.06544881	C3H9NO
78.01170754	C2H3FO2
78.02134717	CH4N2O2
78.03436648	CH5N3O
83.95335548	CH2Cl2
86.02643255	C3H4N2O
86.04979875	C4H7NO
88.03173572	C2H4N4
88.07846812	C4H10N2
90.00832786	C2H3NO3
90.05032101	C4H10S
90.06807957	C4H10O2
92.05001654	C2H7N3O
93.93770542	C2Cl2
96.02112937	C5H4O2
96.03414868	C5H5NO
100.0551019	C4H7N3
102.0213472	C3H4N2O2
104.0626003	C8H8
105.9821571	C3H3ClO2
106.0292811	C2H5N3O2
110.0861843	C7H11N
111.9925452	CH5O4P
112.016044	C5H4O3
114.0447134	C5H7NO2
114.1044651	C7H14O
116.0369972	C4H6N2O2
116.0603634	C5H9NO2
116.0733827	C5H10N2O
117.9902232	C3H2O5
118.0890328	C5H12N2O
120.0245002	C4H8O2S
120.0449312	C3H7N3O2
120.0682974	C4H10N2O2
122.0497987	C7H7NO
122.0579088	C4H10O4
122.0628181	C7H8N2
124.0317357	C5H4N4
124.0524295	C7H8O2
125.9718097	CH3O5P
128.0028925	C6H5ClO
128.0837296	C7H12O2
130.0292811	C4H5N3O2
130.039628	C5H7NO3
130.0526473	C5H8N2O2
132.0552781	C5H9NO3
132.0682974	C5H10N2O2
134.0111764	C3H4N2O4
134.0605812	C4H9N3O2
136.0194148	C4H8O3S
136.0398458	C3H7N3O3
136.0551019	C7H7N3
136.063212	C4H10N2O3
136.0735589	C5H12O4
136.9352688	C3FeN3
138.0447134	C7H7NO2
140.0369972	C6H6N2O2
140.0396697	C5H5N5
140.0473441	C7H8O3
140.0603634	C7H9NO2
140.0733827	C7H10N2O
142.0088501	C6H6O2S
142.112399	C8H15NO
144.0608857	C7H12OS
144.0786443	C7H12O3
144.0813167	C6H11N3O
146.0345426	C5H7NO4
148.0268265	C4H6N2O4
148.0420826	C8H6N2O
148.0501927	C5H9NO4
148.063212	C5H10N2O3
148.0784681	C9H10N2
148.0892506	C5H12N4O
148.1490023	C7H19N3
149.987678	C3H3ClN4O
150.0213911	C5H8ClNO2
150.0316941	C8H6O3
150.0554959	C4H9N3O3
150.0680796	C9H10O2
150.0810989	C9H11NO
152.0239779	C7H5NO3
152.0684735	C5H12O5
154.039628	C7H7NO3
154.0526473	C7H8N2O2
154.0760135	C8H11NO2
156.0319119	C6H6N2O3
156.0422587	C7H8O4
156.0916636	C8H13NO2
157.990091	C6H4ClNO2
158.0111764	C5H4N2O4
158.0134572	C7H7ClO2
158.0605812	C6H9N3O2
158.1306798	C9H18O2
160.0735589	C7H12O4
160.0784681	C10H10N2
162.0294572	C5H7NO5
162.0424765	C5H8N2O4
162.0680796	C10H10O2
162.1152476	C7H16N2O2
162.11792	C6H15N5
162.1646524	C8H21N3
163.8754108	C2Cl4
163.9607266	C3H4Cl2F2O
164.0451073	C5H9NO5
164.0637343	C6H13NO2S
164.0644747	C8H9BO3
164.0733827	C9H10N2O
166.0266087	C8H6O4
166.0629942	C9H10O3
166.0890328	C9H12N2O
167.9833754	C7H5NS2
168.0009839	C3H2F6O
168.0188925	C7H5NO4
168.1644346	C11H21N
169.990091	C7H4ClNO2
170.0110438	C3H8NO5P
170.0166514	C4H11O3PS
170.0345426	C7H7NO4
170.0709281	C8H11NO3
170.0731649	C12H10O
170.0839474	C8H12N2O2
170.0861843	C12H11N
170.0969667	C8H13N3O
170.1306798	C10H18O2
170.1670653	C11H22O
171.9523774	C6H5BrO
172.0371734	C7H8O5
172.0501927	C7H9NO4
172.0524295	C11H8O2
172.0865782	C8H13NO3
173.9986794	C6H6O4S
174.0116987	C6H7NO3S
174.024718	C6H8N2O2S
174.1174844	C12H15N
175.9907948	C7H5NaO2S
176.0684735	C7H12O5
176.1097682	C11H14N2
176.1331344	C12H17N
177.9588348	C6H4Cl2O2
178.0373912	C5H8N2O5
178.0526473	C9H8N2O2
178.0629942	C10H10O3
178.0993797	C11H14O2
178.1258539	C6H16N6
179.9300332	C6H3Cl3
180.0426943	C4H8N4O4
180.0586489	C6H13NO3S
180.0790798	C5H12N4O3
180.1046829	C10H14N2O
182.0215233	C8H6O5
182.0367794	C12H6O2
182.0509327	C5H12N2O3S
182.0579088	C9H10O4
182.0590517	C6H11FO5
182.0605812	C8H9N3O2
182.0661889	C9H12N2S
182.0839474	C9H12N2O2
182.1203329	C10H16N2O
183.9352947	C2H5AsO5
183.9960486	C7H5NO3S
184.0294989	C6H5N5O2
184.0630793	C5H14NO4P
184.066459	C6H14FO3P
184.0784681	C12H10N2
184.0807538	C6H12F2N2O2
184.1463299	C11H20O2
186.0059584	C3H8NO6P
186.0294572	C7H7NO5
186.0680796	C12H10O2
186.078862	C8H12N2O3
186.1255944	C10H18O3
187.8916536	C2H4S5
188.032088	C7H8O6
188.0403681	C7H10N2O2S
188.0451073	C7H9NO5
188.0473441	C11H8O3
188.0814928	C8H13NO4
189.993594	C6H6O5S
190.0066133	C6H7NO4S
190.0760135	C11H11NO2
190.1101622	C8H16N2O3
190.1254183	C12H16N2
190.1465477	C9H20N2O2
191.9978071	C10H5ClO2
192.029675	C5H7N3O5
192.0400593	C6H12N3PS
192.0586489	C7H13NO3S
192.0633881	C7H12O6
192.1150298	C12H16O2
192.1280491	C12H17NO
194.0579088	C10H10O4
194.0942943	C11H14O3
194.1073136	C11H15NO2
196.0785121	C11H14ClN
196.0995975	C10H14N2O2
198.0164379	C8H6O6
198.0528234	C9H10O5
198.16198	C12H22O2
200.0072121	C4H3F7O
200.040412	C6H14ClNO2S
200.0837296	C13H12O2
202.0031098	C7H7O5P
202.0396719	C9H11ClO3
202.0629942	C12H10O3
202.0737767	C8H12N2O4
202.0782503	C16H10
202.1128346	C8H15N5O
202.1205091	C10H18O4
204.0270026	C7H8O7
204.0341926	C12H9ClO
204.0422587	C11H8O4
204.0682974	C11H10N2O2
204.0764074	C8H13NO5
205.9745256	C2H8O7P2
205.9779933	C7H4NNaO3S
205.9942422	C7H11BrO2
206.0435211	C8H14O2S2
206.0632976	C7H12ClN5
206.0709281	C11H11NO3
206.1050768	C8H16N2O4
206.1095504	C16H14
206.1311154	C8H18N4O2
206.1436991	C13H19NO
207.933014	C6H2Cl2O4
208.0007879	C9H4O6
208.0865782	C11H13NO3
208.088815	C15H12O
208.0995975	C11H14N2O2
208.1099444	C12H16O3
208.1252005	C16H16
208.135983	C12H18N2O
209.948664	C6H4Cl2O4
210.0241075	C7H11Cl2N3
210.0528234	C10H10O5
210.0707959	C11H13ClN2
210.0892089	C11H14O4
210.1022282	C11H15NO3
210.1044651	C15H14O
210.1282669	C11H17N3O
210.1516331	C12H20N2O
211.9601854	C8H4O3S2
212.0370412	C10H10ClNO2
212.0603634	C13H9NO2
212.0945121	C10H14N2O3
212.1178783	C11H17NO3
212.1201151	C15H16O
214.0266087	C12H6O4
214.0477381	C9H10O6
214.0504105	C8H9N3O4
214.0526912	C10H12ClNO2
214.1254183	C14H16N2
214.1335284	C11H19NO3
214.1568946	C12H22O3
215.9857452	C4H9O6PS
216.0245002	C12H8O2S
216.0529086	C5H14NO6P
216.0786443	C13H12O3
216.0977068	C9H16N4S
216.1361591	C11H20O4
218.0451566	C9H9N2NaO3
218.055672	C8H11NO6
218.0579088	C12H10O4
218.0606252	C9H13ClN2O2
218.0899907	C8H15N5S
218.1073136	C13H15NO2
218.1154237	C10H18O5
218.1670653	C15H22O
220.0219172	C7H8O8
220.0371734	C11H8O5
220.071322	C8H13NO6
220.0973607	C8H15N3O4
220.1229637	C13H17NO2
220.1593492	C14H21NO
220.1827154	C15H24O
221.9834232	C6H6O7S
222.031997	C6H10N3O4P
222.0577327	C14H8N2O
222.0658427	C11H11NO4
222.0941182	C15H12N2
222.0999914	C8H16N2O5
222.1386138	C13H19NO2
222.16198	C14H22O2
224.0038499	C6H10NO4PS
224.0476471	C6H12N3O4P
224.0814928	C11H13NO4
224.0837296	C15H12O2
224.104859	C12H16O4
224.1542638	C13H21NO2
225.9435787	C6H4Cl2O5
226.0373912	C9H8N2O5
226.0477381	C10H10O6
226.0841236	C11H14O5
227.8912783	C2H4Cl3O4P
228.0165231	C5H10NO7P
228.0552781	C13H9NO3
228.0894267	C10H14N2O4
228.0939004	C18H12
228.1177022	C14H15N3
228.1410684	C15H18N2
230.0686913	C9H12N2O5
230.0713637	C8H11N5O3
230.0947299	C9H14N4O3
230.1133569	C10H18N4S
230.1306798	C15H18O2
230.1436991	C15H19NO
230.1518092	C12H22O4
232.0735589	C13H12O4
232.1099444	C14H16O3
233.8446531	C3H5Br2Cl
234.0173063	C12H10OS2
234.0528234	C12H10O5
234.1152476	C13H16N2O2
234.1516331	C14H20N2O
235.9981096	C3H11NO7P2
236.0113942	C9H4N4O4
236.0159557	C13H10Cl2
236.0271299	C6H8ClN7O
236.032088	C11H8O6
236.0662367	C8H13NO7
236.1178783	C13H17NO3
236.1672831	C14H22N2O
237.9848734	C11H6Cl2N2
237.9866179	C6H8N2O4S2
238.0890328	C15H12N2O
238.0890767	C13H16ClNO
238.1335284	C13H19NO3
238.1362008	C12H18N4O
238.159567	C13H21N3O
239.9737269	C10H8OS3
240.0295424	C6H11N2O6P
240.0786443	C15H12O3
240.0894267	C11H14N2O4
240.1154654	C11H16N4O2
240.1491784	C13H21NO3
242.0509327	C10H12N2O3S
242.1180961	C11H17N3O3
242.1203769	C13H20ClNO
244.0501927	C13H9NO4
244.0843414	C10H14N2O5
244.1029683	C11H18N2O2S
244.1256361	C14H16N4
244.1463299	C16H20O2
244.1593492	C16H21NO
246.0425205	C10H12ClNO4
246.0636059	C9H12N2O6
246.0896445	C9H14N4O4
246.1152476	C14H16N2O2
246.1255944	C15H18O3
246.1386138	C15H19NO2
246.1467238	C12H22O5
247.9487048	C3H6O9P2
248.0006996	C10H10Cl2O3
248.0370412	C13H10ClNO2
248.0403681	C12H10N2O2S
248.086446	C14H15ClN2
248.104859	C14H16O4
248.1542638	C15H21NO2
249.9355125	C9H5Cl3O2
250.0137597	C4H13NO7P2
250.0441505	C13H8F2O3
250.0477381	C12H10O6
250.0526473	C15H8N2O2
250.0537813	C8H13N3O4S
250.1077569	C11H17N2NaO3
250.1101622	C13H16N2O3
250.1209447	C9H18N4O4
250.1699139	C15H23NO2
251.8833887	C6H5Cl5
252.0422587	C15H8O4
252.056412	C8H14N2O5S
252.0710137	C12H13ClN4
252.0939004	C20H12
252.1127929	C13H17NO4
252.2089301	C16H28O2
253.9304272	C8H5Cl3O3
254.055672	C11H11NO6
254.0839474	C15H12N2O2
254.0898207	C8H16N2O7
254.0942943	C16H14O3
254.1001676	C9H18O8
255.9613334	C12H7Cl3
255.9889025	C6H8O9S
256.0188043	C12H11Cl2NO
256.0630793	C11H14NO4P
256.0735589	C15H12O4
256.0870138	C10H13N5O3
256.0946882	C12H16O6
256.1252005	C20H16
256.1440931	C13H21NO4
256.1827154	C18H24O
258.0375673	C10H10O8
258.1212908	C11H19N5S
258.1646524	C16H21N3
260.033222	C6H13NO8S
260.079256	C10H14N2O6
260.1026222	C11H17NO6
260.1412445	C16H20O3
260.17763	C17H24O2
260.2270348	C18H29N
262.0007404	C5H12O8P2
262.0372585	C9H12NO6P
262.1079254	C10H17N3O5
262.1101622	C14H16N2O3
262.1182722	C11H19NO6
262.1205091	C15H18O4
262.1335284	C15H19NO3
262.1465477	C15H20N2O2
262.159567	C15H21N3O
262.1829332	C16H24N2O
262.2296656	C18H30O
264.0530412	C12H10N2O5
264.05843	C8H12ClN7O
264.0997736	C14H16O5
264.1985833	C16H26N2O
266.0265204	C14H12Cl2O
266.0839474	C16H12N2O2
266.1050768	C13H16N2O4
266.1567184	C18H20N2
266.1778478	C15H24N2O2
266.1812275	C16H24FNO
266.2245802	C17H30O2
267.9824188	C12H7Cl2NO2
268.005785	C13H10Cl2O2
268.0371734	C15H8O5
268.0821045	C8H15N3O7
268.088815	C20H12O
268.1463299	C18H20O2
268.1597848	C13H21N5O
268.1804786	C15H25NO3
270.053259	C10H10N4O5
270.078862	C15H12N2O3
270.0892089	C16H14O4
270.1152915	C14H20ClNO2
271.9476456	C6H7ClN2O4S2
272.0556819	C12H9F3N2O2
272.0637343	C15H13NO2S
272.0684735	C15H12O5
272.0819284	C10H13N5O4
272.086446	C16H15ClN2
272.0896029	C12H16O7
272.1052946	C11H16N4O4
272.1542638	C17H21NO2
272.250401	C20H32
274.040762	C10H12N2O5S
274.1465477	C16H20N2O2
275.998154	C7H13Cl2N2O3P
276.0256342	C10H13NO4S2
276.0580384	C12H16Cl2N2O
276.0939004	C22H12
276.0975368	C11H17NO7
276.1361591	C16H20O4
276.1725446	C17H24O3
276.1855639	C17H25NO2
277.995655	C5H12O9P2
278.0276105	C10H13ClN2O3S
278.0794738	C9H14N4O6
278.1095504	C22H14
278.1154237	C15H18O5
278.201214	C17H27NO2
280.0139775	C4H13N3O7P2
280.0769297	C14H16O4S
280.0821045	C9H15N3O7
280.1240977	C11H22N2O4S
280.1440931	C15H21NO4
280.1467655	C14H20N4O2
282.0869721	C13H15NO6
282.0950822	C10H18O9
282.0999914	C13H16N2O5
282.1026638	C12H15N5O3
282.1597431	C15H23NO4
282.1880186	C19H24N2
282.2558803	C18H34O2
283.9773334	C12H7Cl2NO3
284.0137189	C13H11Cl2NO2
284.032088	C15H8O6
284.1286608	C13H19N3O4
284.1308976	C17H18N2O2
284.1412445	C18H20O3
284.1753932	C15H25NO4
284.17763	C19H24O2
285.9929835	C12H9Cl2NO3
286.0060028	C12H10Cl2N2O2
286.0715398	C11H13N3O6
286.0841236	C16H14O5
286.0866633	C12H17N2O4P
286.1205091	C17H18O4
287.9555795	C6H8ClN3O4S2
288.002268	C10H10N2O4S2
288.0460652	C10H12N4O4S
288.0506718	C7H15N2O8P
288.0529086	C11H14NO6P
288.0633881	C15H12O6
288.076843	C10H13N5O5
288.1002092	C11H16N4O5
288.1371247	C12H25NaO4S
288.1491784	C17H21NO3
290.0402832	C7H15O10P
290.0486959	C10H13N3O5S
290.0502783	C14H11ClN4O
290.0768014	C11H15NO8
290.0866198	C17H11N5
290.0969667	C18H13N3O
290.1392255	C12H21N3O5
290.1414623	C16H20N2O3
290.1648285	C17H23NO3
290.2142333	C18H28N2O
290.2245802	C19H30O2
291.9760273	C6H14INO2S
292.037609	C12H8N4O5
292.0924514	C11H17NO8
292.1674593	C17H24O4
292.1804786	C17H25NO3
292.2038448	C18H28O3
293.8527192	C7H4Br2O3
294.0892089	C18H14O4
294.1026638	C13H15N5O3
294.1081015	C11H19NO8
294.1103383	C15H18O6
294.1961286	C17H27NO3
296.0532174	C13H12O8
296.1803024	C19H23N3
296.2715304	C19H36O2
298.03278	C14H10MgO6
298.0553637	C16H11ClN4
298.094906	C13H16N2O6
298.1265523	C14H21N3O2S
298.1699139	C19H23NO2
298.250795	C18H34O3
300.0270026	C15H8O7
300.052776	C9H18O7P2
300.1361591	C18H20O4
300.1703078	C15H25NO5
300.1725446	C19H24O3
300.1855639	C19H25NO2
300.2089301	C20H28O2
302.0533025	C8H16NO9P
302.0736445	C16H14ClN3O
302.0790382	C16H14O6
302.1154237	C17H18O5
302.3314999	C19H43NO
303.1003181	C11H16N5O5
303.9559252	C6H11N2O4PS3
304.0409798	C10H12N4O5S
304.0583027	C15H12O7
304.071625	C7H17N4O7P
304.1360269	C18H22ClNO
304.1440931	C17H21NO4
304.2532496	C20H33NO
306.0330952	C11H11N4NaO3S
306.0658427	C18H11NO4
306.0999914	C15H16N2O5
306.1341401	C12H21N3O6
306.1597431	C17H23NO4
306.1880186	C21H24N2
306.1961726	C16H31ClO3
306.2017363	C19H30OS
306.2194948	C19H30O3
306.2558803	C20H34O2
308.0193716	C9H11N2O8P
308.0323909	C9H12N3O7P
308.1259884	C16H20O6
308.1472877	C16H23N3OS
308.1623739	C17H24O5
308.1987594	C18H28O4
310.0350217	C9H13N2O8P
310.0477381	C17H10O6
310.0841236	C18H14O5
310.094906	C14H16N2O6
310.1030161	C11H19NO9
310.1052529	C15H18O7
310.1910433	C17H27NO4
310.1937157	C16H26N4O2
310.2296656	C22H30O
312.0061889	C12H10Cl2F3NO
312.1262478	C13H18N6O3
312.1339223	C15H21NO6
312.1621977	C19H22N2O2
312.1855639	C20H25NO2
312.3028305	C20H40O2
314.109986	C20H14N4
314.1648285	C19H23NO3
314.2245802	C21H30O2
314.2457096	C18H34O4
316.0852098	C17H18N2S2
316.1310738	C18H20O5
316.1674593	C19H24O4
316.1804786	C19H25NO3
316.2038448	C20H28O3
316.2168641	C20H29NO2
317.9283594	C7H9ClO6P2S
318.0321736	C15H10ClN3O3
318.0351978	C8H15O11P
318.0739528	C16H14O7
318.0822329	C16H16N2O3S
318.0892089	C20H14O4
318.1646963	C19H25ClN2
318.1961286	C19H27NO3
318.2113848	C23H27N
318.2585528	C20H33N3
319.9968738	C10H12N3O3PS2
320.0020113	C5H8N4O12
320.0532174	C15H12O8
320.0949477	C14H14N6O3
320.095655	C16H15FN2O4
320.1390077	C17H21NO5
320.1543078	C19H25ClO2
320.2715304	C21H36O2
322.0926692	C11H17N3O8
322.1465477	C20H20N2O2
322.1573302	C16H22N4O3
322.2062994	C22H27NO
322.2144095	C19H30O4
322.2170819	C18H29N3O2
323.8833887	C12H5Cl5
324.0246331	C10H13O10P
324.0905607	C11H19N3O6S
324.1056469	C12H20O10
324.1235754	C15H19N3O5
324.1258122	C19H18N2O3
324.1361591	C20H20O4
324.1572885	C17H24O6
324.1725446	C21H24O3
326.0299363	C9H13N2O9P
326.0740801	C13H14ClN7O
326.0790382	C18H14O6
326.0898207	C14H16N2O7
326.1001676	C15H18O8
326.1681993	C17H27NO3S
328.0794321	C14H16O9
328.1571124	C19H22N2O3
328.2402303	C22H32O2
330.0247619	C17H12ClNO2S
330.0816223	C15H19Cl2N3O
330.1397566	C19H20FNO3
330.1597431	C19H23NO4
330.1961286	C20H27NO3
330.2194948	C21H30O3
330.2455334	C21H32N2O
331.9984628	C13H11Cl2NO5
332.006485	C14H6N2O8
332.0267382	C17H12Cl2N2O
332.0642226	C17H13ClFN3O
332.0900385	C12H16N4O7
332.1075314	C20H15N3O2
332.1156415	C17H18N2O5
332.1623739	C19H24O5
332.1753932	C19H25NO4
332.1835033	C16H28O7
332.1987594	C20H28O4
332.2117787	C20H29NO3
333.9819364	C8H8F3N3O4S2
334.0424322	C15H18Cl3NO
334.0688674	C16H14O8
334.0841236	C20H14O5
334.0900342	C13H21N2O4PS
334.1052529	C17H18O7
334.1524209	C14H24N2O7
334.1910433	C19H27NO4
336.0376525	C11H14NO9P
336.0927976	C16H18N2O4S
336.0955139	C13H21ClN4O2S
336.1395299	C18H24O4S
336.1833271	C18H26N2O4
336.2066933	C19H29NO4
338.0698253	C11H17N3O7S
338.1158593	C15H18N4O5
338.1239693	C12H21N3O8
338.1414623	C20H20N2O3
338.1578524	C17H25N3O2S
338.1881947	C22H26O3
338.201214	C22H27NO2
338.2093241	C19H30O5
338.2457096	C20H34O4
339.8783033	C12H5Cl5O
339.9900365	C6H13NO11S2
340.0045943	C12H8N4O6S
340.006875	C14H11ClN2O4S
340.0295868	C15H13Cl2N3O2
340.0854754	C11H19N3O7S
340.1005615	C12H20O11
340.1207269	C19H18N2O4
340.1310738	C20H20O5
340.1674593	C21H24O4
340.1701317	C20H23N3O2
340.2168641	C22H29NO2
341.1496813	C16H23N2O6
342.0739528	C18H14O7
342.0847353	C14H16N2O8
342.0950822	C15H18O9
342.2325141	C22H31NO2
344.0137629	C16H15Cl3O2
344.0743467	C14H16O10
344.0824942	C11H22NO7PS
344.1673271	C21H26ClNO
344.1753932	C20H25NO4
344.2351449	C22H32O3
344.2481642	C22H33NO2
344.2715304	C23H36O2
346.1020961	C22H17ClN2
346.1546577	C19H23NO5
346.1991533	C17H30O7
346.2144095	C21H30O4
346.2638143	C22H35NO2
348.1105561	C17H18N2O6
348.1572885	C19H24O6
348.1703078	C19H25NO5
348.193674	C20H28O5
350.0790382	C20H14O6
350.0850814	C16H17N3O4S
350.1187945	C18H22O5S
350.1414623	C21H20N2O3
350.2038864	C22H26N4
350.2146689	C18H28N6O
352.064176	C12H16O12
352.0877122	C16H18N2O5S
352.1344446	C18H24O5S
352.1934979	C22H26N2O2
352.2016079	C19H29NO5
352.2613596	C21H36O4
354.1002192	C16H14F3N5O
354.1397477	C17H24N2O4S
354.1831093	C22H26O4
354.1961286	C22H27NO3
354.2370367	C21H32F2O2
354.2406242	C20H34O5
355.9519228	C10H16Br2N2O2
356.0478676	C16H16Cl2N2O3
356.0582145	C17H18Cl2O4
356.0720721	C16H14F3N3OS
356.1107322	C16H20O9
356.1134047	C15H19N3O7
356.1259884	C20H20O6
356.1546994	C19H21N5O2
356.1553978	C17H26N2O4S
356.1623739	C21H24O5
356.2117787	C22H29NO3
358.0738206	C19H16ClNO4
358.113533	C19H20N2O3S
358.1757871	C17H27NO7
358.2274288	C22H31NO3
360.0483459	C18H15ClN2O2S
360.0904281	C11H23N2O7PS
360.0905607	C14H19N3O6S
360.2430788	C22H33NO3
360.266445	C23H36O3
362.0150268	C12H12ClN5O4S
362.1062108	C14H21N3O6S
362.1426052	C19H21FN2O4
362.1495724	C19H23NO6
362.1859579	C20H27NO5
362.2093241	C21H30O5
364.134889	C18H20FN3O4
364.1522031	C19H24O7
364.1885886	C20H28O6
366.0634733	C16H16NO7P
366.0715833	C13H19O10P
366.0739528	C20H14O7
366.079996	C16H17N3O5S
366.1422502	C14H24N2O9
366.1808725	C19H27NO6
366.3497807	C24H46O2
367.9096035	C14H9Cl5O
368.1884125	C22H26N2O3
368.2562743	C21H36O5
370.038837	C10H13FN5O7P
370.0747407	C12H18O13
370.0982769	C16H20N2O6S
370.1160354	C16H20N2O8
370.1780239	C22H26O5
370.1910433	C22H27NO4
370.2355388	C20H34O6
372.0997736	C23H16O5
372.1051624	C19H18ClN5O
372.120903	C20H20O7
372.1211307	C17H18F3N3O3
372.1420324	C17H24O9
372.1572885	C21H24O6
372.1599609	C20H23N3O4
373.9712296	C13H10ClN3O4S2
374.0790382	C22H14O6
374.1212969	C16H22O10
376.0854754	C14H19N3O7S
376.1054707	C18H18N2O7
376.1207269	C22H18N2O4
376.136947	C16H24O10
376.1371698	C21H23ClFNO2
376.2379934	C22H33NO4
378.1316816	C20H25ClN2OS
378.1467238	C23H22O5
378.1516331	C26H20N2O
378.1831093	C24H26O4
378.2042387	C21H30O6
378.2536435	C22H35NO4
380.1084954	C14H21NO11
380.1835033	C20H28O7
380.2457947	C18H38NO5P
382.0338299	C13H18ClN3O4S2
382.0688674	C20H14O8
382.0868399	C21H17ClN2O3
382.1052529	C21H18O7
382.142074	C17H22N4O6
382.1757871	C19H27NO7
382.2121726	C20H31NO6
382.2170819	C23H29N3O2
384.0669867	C17H14F3N3O2S
384.1397955	C14H25NO11
384.1518948	C22H24ClN3O
384.1833271	C22H26N2O4
384.2300595	C24H32O4
385.8160088	C10H5Cl7O
386.0390474	C15H16N2O6S2
386.1729386	C22H26O6
386.2304534	C20H34O7
386.2587289	C24H35NO3
386.3445192	C26H44N2
387.9754867	C16H13Cl3N2OS
388.0209844	C13H13N5O5S2
388.1115668	C17H21ClFN3O4
388.1445287	C19H21N5O4
388.1522031	C21H24O7
388.165658	C16H25N5O6
388.1733325	C18H28O9
388.274379	C24H37NO3
388.3237838	C25H42N2O
388.34715	C26H45NO
390.0013521	C9H14N2O11P2
390.0693465	C11H20NO12P
390.0907785	C14H19N5O6S
390.1037978	C14H20N6O5S
390.1162115	C16H22O11
390.1233576	C23H19NO5
390.1624595	C21H26ClN3O2
390.2217805	C20H32F2O5
392.015899	C12H13N5O6S2
392.1003854	C18H18N2O8
392.1394433	C18H21N5O5
392.2122143	C20H29N5O3
392.2198888	C22H32O6
392.2329081	C22H33NO5
394.0588235	C12H16N5O8P
394.1416384	C23H22O6
394.1757871	C20H27NO7
396.1833271	C23H26N2O4
396.3028305	C27H40O2
397.9873893	C10H16KNO9S2
398.0390474	C16H16N2O6S2
398.1001676	C21H18O8
398.1544816	C25H21N3O2
398.1950623	C21H36BrNO
398.2070872	C20H31NO7
398.2433401	C18H39O7P
399.9974856	C10H14N5O6PS2
400.0203005	C12H14AlMgNO11
400.0209844	C14H13N5O5S2
400.0535638	C9H22O13P2
400.1501452	C25H20FN3O
400.2146272	C23H30N2O4
400.2249741	C24H32O5
400.2379934	C24H33NO4
400.2613596	C25H36O4
402.1305526	C21H19F2N3O3
402.171394	C22H29N3S2
402.3758193	C27H48N2
402.3861662	C28H50O
403.816881	C9H6Cl6O3S
403.9786813	C12H15AsN6OS2
404.1156415	C23H18N2O5
404.1471177	C21H24O8
404.1661892	C21H24FN3O4
404.1884564	C23H30ClNO3
404.3654308	C27H48O2
405.9962667	C9H14N2O12P2
406.0207666	C17H13N3O5S2
406.1057764	C14H26Cl2N2O7
406.1396156	C21H26ClN3OS
406.2121726	C22H31NO6
406.2426849	C30H31N
406.250795	C27H34O3
408.1081114	C20H17F3N2O4
408.1703518	C22H29ClO5
408.2078273	C18H34N2O6S
408.2148034	C22H32O7
408.2511889	C23H36O6
410.0909547	C14H21N3O9S
410.1365531	C23H22O7
410.1392694	C20H25ClN2O5
410.1554456	C16H27NO11
410.1659625	C20H28N2O5S
410.1729386	C24H26O6
410.3548661	C29H46O
410.4487665	C28H58O
412.1158176	C22H20O8
412.1816126	C20H30N2O5S
412.2146272	C24H30N2O4
412.2977452	C27H40O3
412.3341307	C28H44O2
414.027536	C15H14Cl2F3N3O3
414.0850382	C12H20N5O9P
414.0950822	C21H18O9
414.1162115	C18H22O11
414.1401833	C17H24N6O4S
414.1891526	C23H29N3O2S
414.2746044	C24H39NaO4
414.2770097	C26H38O4
416.1553978	C22H26N2O4S
416.1623739	C26H24O5
416.1780656	C25H24N4O2
416.2095419	C23H30N2O5
416.2129127	C20H34N2O5S
416.2198888	C24H32O6
418.0571521	C19H17N3O4S2
418.1268179	C16H22N4O9
418.1627678	C22H26O8
418.214845	C22H30N4O4
418.323566	C30H42O
418.3810808	C28H50O2
420.1258562	C25H22ClNO3
420.1420324	C21H24O9
420.1631617	C18H28O11
420.3028305	C29H40O2
420.3603454	C27H48O3
422.2001112	C18H33N3O6S
424.1219137	C21H23ClFNO5
424.209718	C22H32O8
424.2379934	C26H33NO4
424.2461035	C23H36O7
426.0469814	C17H17N3O6S2
426.1493962	C26H21N3O3
426.1552695	C19H25N3O8
426.1678532	C24H26O7
426.1739404	C18H33ClN2O5S
426.2536435	C26H35NO4
426.2666628	C26H36N2O3
428.0252822	C12H18N4O7P2S
428.0570238	C16H16N4O8S
428.0770192	C20H15N3O8
428.1107322	C22H20O9
428.2926598	C27H40O4
428.3290453	C28H44O3
428.363194	C25H49NO4
430.041896	C16H17N3O7S2
430.0879135	C19H22KN3O4S
430.1476817	C22H25N3O4S
430.2061563	C22H38O4Zn
432.0050734	C10H14N5O10PS
432.0145892	C10H15N5O10P2
432.193674	C27H28O5
432.2044565	C23H30N2O6
432.2148034	C24H32O7
432.2511889	C25H36O6
433.9746004	C15H14ClN3O4S3
434.1576824	C22H26O9
434.3759955	C28H50O3
436.2195365	C29H28N4
436.2589902	C21H41O7P
436.3341307	C30H44O2
436.35526	C27H48O4
436.5008021	C31H64
438.1525971	C21H26O10
440.0148529	C19H16Cl2N2O4S
440.1428669	C21H25ClFN3O4
440.1623739	C28H24O5
440.1651342	C23H31Cl2NO3
440.2046326	C22H32O9
440.2095419	C25H30N2O5
440.2329081	C26H33NO5
440.3056791	C28H41NO3
442.1627678	C24H26O8
442.1661386	C21H30O8S
442.1838972	C21H30O10
442.2664867	C29H34N4
442.3810808	C30H50O2
446.0882822	C18H22O11S
446.1418979	C24H20N6O3
448.1189256	C19H19N7O6
448.1885886	C27H28O6
448.209718	C24H32O8
450.0550914	C16H20N2O9S2
450.0975907	C23H19ClF3NO3
450.1214237	C16H24N5O8P
450.1402361	C22H24ClFN4O3
450.1938918	C26H28N2O5
450.3709101	C28H50O4
452.0238406	C16H16N3NaO7S2
452.1502258	C19H23N7O6
452.2567099	C23H36N4O5
452.3501747	C27H48O5
454.2615774	C27H36N2O4
454.2701231	C19H39N5O7
456.0953	C22H18N2O9
456.196826	C21H31ClN6O3
456.2405767	C20H42O7P2
458.0795617	C20H22Cl2N2O6
458.1554456	C20H27NO11
458.3759955	C30H50O3
460.138251	C19H28N4O5S2
460.2287806	C21H36N4O5S
460.2391363	C26H34FNO5
460.2591228	C26H37NO6
460.282489	C27H40O6
461.8465675	C15H13Br3O2
461.9562818	C15H10O13S2
462.0973567	C15H29O10P3
464.0743467	C24H16O10
464.1682471	C23H28O10
464.2046326	C24H32O9
464.2410181	C25H36O8
464.4593312	C31H60O2
464.5321022	C33H68
466.1263823	C25H22O9
466.3658247	C28H50O5
468.110644	C23H26Cl2O6
468.1995472	C23H32O10
468.2982242	C22H46NO7P
468.3239599	C30H44O4
469.9807018	C9H16N3O13P3
470.0957313	C19H23N4O6PS
470.1424263	C21H26O12
470.1554456	C21H27NO11
470.1886303	C28H26N4O3
470.266839	C28H38O6
472.0177015	C19H17Cl2N3O5S
472.2258453	C20H32N8O5
474.1503602	C20H27NO12
474.3709101	C30H50O4
478.0491831	C19H19ClN3NaO6S
478.0536113	C24H14O11
478.0958716	C23H21N2NaO6S
478.1294903	C20H21N7O7
478.1324255	C22H25N3O7S
478.19223	C26H32ClFO5
478.2171258	C29H33ClN2O2
478.2355388	C29H34O6
478.2530807	C27H36F2O5
480.0692614	C24H16O11
480.1572885	C30H24O6
480.1581597	C20H24N8O6
480.1631617	C23H28O11
480.2772275	C29H38N2O4
480.2821367	C32H36N4
480.2857732	C21H41N5O7
482.0682869	C17H23NO11S2
482.2928776	C29H40N2O4
484.0426795	C13H26NO10PS3
484.282489	C29H40O6
484.2988791	C26H45NO5S
484.3188745	C30H44O5
485.9756164	C9H16N3O14P3
486.2877922	C28H40N2O5
488.1460149	C17H30N2O12S
488.1623739	C32H24O5
488.200159	C18H34N2O13
490.1573741	C28H26ClN3O3
490.3658247	C30H50O5
492.1761811	C24H29NO10
492.267579	C27H41NO5S
494.1212969	C26H22O10
494.1837211	C27H28N2O7
494.2151973	C25H34O10
494.2304534	C29H34O7
494.2479953	C27H36F2O6
494.3196146	C28H47NO4S
495.9729857	C10H15N4O13P3
496.1349241	C23H28ClN3O5S
496.2308474	C25H36O10
496.2806878	C21H41N5O8
498.1786556	C25H24F6N4
498.2255958	C25H32F3N3O4
499.9809196	C9H16N5O13P3
500.2937938	C26H45NO6S
500.298533	C26H44O9
500.3137891	C30H44O6
502.1557917	C25H28N2O7S
502.2202827	C27H34O9
502.4174664	C36H54O
506.1001676	C30H18O8
506.1402708	C18H34ClN2O8PS
507.9916126	C12H19N4O10P3S
508.2123904	C28H31N3O6
508.2624936	C27H41NO6S
510.2101119	C25H34O11
510.4778298	C32H63NO3
511.9679003	C10H15N4O14P3
511.9714038	C10H15N5O13P2S
512.0102108	C19H18Cl2N3NaO6S
512.1300604	C17H25N5O13
512.2210228	C25H37NO8S
513.9667555	C14H14N3O12PS2
514.0938032	C20H22N4O10S
514.2099358	C27H32N2O8
516.0221245	C12H21NO17S2
516.1216415	C19H24N7O8P
516.2723183	C29H40O8
516.2887084	C26H45NO7S
516.3087038	C30H44O7
518.0370777	C19H17N6NaO6S2
518.1271717	C26H25N2NaO6S
518.1940679	C30H30O8
518.2151973	C27H34O10
518.2439083	C26H35N5O6
518.2562268	C25H44O7P2
518.412381	C36H54O2
520.212826	C24H31N7O6
522.1355298	C30H26CaO6
522.1417218	C32H18N8
522.1737264	C25H30O12
522.2464974	C27H38O10
524.0527201	C19H17N9O5S2
524.2725143	C27H38F6O3
524.4593312	C36H60O2
526.1695496	C14H33N10O7PS
527.9580757	C10H16N5O12P3S
528.1420324	C30H24O9
528.2386052	C28H35N3O7
530.0569763	C16H24N4O10P2S
531.2728628	C24H40N5O8
532.0773656	C16H25N3O13P2
532.2438667	C28H37NO9
532.2672329	C29H40O9
532.3036184	C30H44O8
534.2101119	C27H34O11
534.2253681	C31H34O8
536.1084954	C27H21NO11
536.126424	C30H20N4O6
536.1655698	C26H31Cl2N5O3
536.3865602	C35H52O4
538.0385255	C14H22N2O16P2
538.2930537	C32H42O7
538.5091299	C34H67NO3
539.6262325	C10Cl12
540.1842911	C25H32O13
542.1999412	C25H34O13
542.2891023	C24H47NO10S
542.3009876	C31H43NO7
544.2654317	C21H41N5O11
545.9863989	C10H18N5O15P3
546.0462833	C15H21N5O13P2
546.1012584	C17H26N3O15P
546.1068287	C18H26O19
548.1729219	C23H36N4O5S3
548.2621475	C29H40O10
548.298533	C30H44O9
549.9961291	C19H16N5NaO7S3
550.074911	C16H26N2O15P2
550.1137986	C27H21N3O10
550.2050266	C27H34O12
550.2674507	C28H40N2O9
550.2777976	C29H42O10
552.0541755	C15H24N2O16P2
552.10341	C27H21NO12
552.2934476	C29H44O10
554.2879683	C32H42O8
554.3243538	C33H46O7
556.136947	C31H24O10
556.1792057	C25H32O14
556.2070846	C28H39Cl3N4O
556.2461035	C34H36O7
558.1179511	C21H26N8O6S2
558.1322062	C21H26N7O9P
558.1646835	C23H32N6O6S2
558.1948558	C25H34O14
560.3115523	C31H45NO8
562.1101933	C21H27N5O9S2
562.1243158	C18H31N3O13P2
562.2414121	C29H38O11
562.267450	C29H40N2O9
564.090561	C17H28N2O15P2
564.0953539	C23H30Cl2NNa2O6P
564.2048921	C29H30N6O6
564.240842	C35H34N2O5
564.2934476	C30H44O10
566.0334401	C15H22N2O17P2
566.0698256	C16H26N2O16P2
566.2461452	C34H34N4O4
566.2727122	C29H42O11
566.412381	C40H54O2
568.0490902	C15H24N2O17P2
568.2883623	C29H44O11
568.4001912	C31H55N3O6
570.1633795	C28H28N2O11
570.3041823	C32H45N3O4S
570.3192685	C33H46O8
578.1192304	C18H31N3O14P2
578.2001112	C31H33N3O6S
580.0490902	C16H24N2O17P2
580.136947	C33H24O10
580.3458771	C28H52O12
582.0283547	C15H22N2O18P2
584.2670567	C35H38N2O6
584.2832769	C29H44O12
586.2359744	C33H34N4O6
586.3141831	C33H46O9
586.318827	C30H52O7P2
588.1267762	C31H24O12
588.2646438	C33H37N5O5
588.2884456	C29H40N8O5
588.3032661	C38H40N4O2
589.9221645	C15H17I2N5O4
592.3247478	C32H48O10
592.3611333	C33H52O9
594.0907788	C17H28N4O15P2
594.2985747	C33H42N4O6
594.5223254	C37H70O5
598.1897704	C27H34O15
598.3298748	C33H46N4O6
600.2054205	C27H36O15
600.3064669	C33H45NO9
600.3662186	C35H52O8
602.1207997	C22H27N9O7S2
602.2311871	C35H34MgN4O4
604.0386106	C14H26N3O17P3
604.1011411	C26H27IN6O3
604.2883623	C32H44O11
604.3588964	C30H53NO11
606.2312413	C30H38O13
606.3166071	C32H47F5O3S
608.2306712	C36H34N2O7
610.2674507	C33H40N2O9
614.184685	C27H34O16
614.1948016	C35H30MgN4O5
614.2259798	C31H36N2O11
614.3818687	C36H54O8
615.7637056	C11H9I3N2O4
616.2104516	C35H32MgN4O5
616.2937071	C31H42N6O7
616.3534588	C33H49N5O6
616.3611333	C35H52O9
618.0588978	C22H24N6O9S3
618.2261017	C35H34MgN4O5
618.2676268	C32H42O12
620.2832769	C32H44O12
620.3658664	C40H48N4O2
624.5845317	C43H76O2
626.1003687	C25H28N6O7S3
628.0540302	C19H24N8O10S3
628.2944055	C30H47N3O9S
630.3170316	C34H47NO10
632.0943733	C24H26N2O16S
634.3195279	C35H44N6O5
634.3332456	C33H50N4O6S
636.2079244	C31H35N2NaO11
636.2831007	C35H42N2O9
636.360781	C40H48N4O3
638.1332134	C27H29N3O13S
638.3454832	C37H50O9
641.0863752	C18H33FeO21
642.5353447	C41H71NO4
646.2110698	C31H37N3O10S
646.3049702	C30H49N3O10S
646.3119463	C34H47NO11
646.3774784	C29H52N10O6
649.7584024	C15H9I3O5
650.3302271	C34H50O12
654.2936654	C35H44N2O10
654.3089216	C39H44N2O7
655.1342899	C34H32ClFeN4O4
656.2344777	C32H38N6O7S
660.4008029	C32H57N5O9
660.4237335	C38H60O9
662.3050596	C25H48N6O14
662.3068609	C34H47NO12
666.3017755	C33H47NO13
672.1353219	C30H27N3O15
674.0337431	C16H26N5O18P3
676.432103	C33H61N5O9
678.2997087	C33H47N5O8S
680.0781535	C20H29N3O19P2
682.2472853	C32H42O16
687.9084951	C10H18N5O20P5
688.3485496	C36H51N3O10
692.225762	C40H36O11
692.3407918	C36H52O13
694.1281222	C21H35N7O13P2S
696.3406156	C38H50N2O10
698.2870383	C25H43N13O10
702.246933	C37H38N4O10
702.2887562	C36H46O14
702.5329752	C39H76NO7P
708.2206766	C40H36O12
708.2454424	C26H45NO21
708.2629354	C34H44O16
712.3355302	C38H50N2O11
716.0443077	C18H28N5O19P3
716.3153587	C36H49N5O8S
716.5144766	C43H73O6P
718.5278898	C39H76NO8P
722.4440276	C40H68O7P2
724.0289171	C28H32Cl2O10P2S2
724.1460986	C21H35N9O15P2
724.330621	C36H52O15
724.476163	C40H68O11
726.5587109	C49H74O4
732.4578822	C41H65NO10
738.2361506	C44H36N2O9
738.6314819	C52H82O2
740.1741204	C39H32O15
742.2684147	C34H46O18
746.1482995	C37H30O17
746.2767842	C28H47N5O18
748.4375407	C37H65NO14
756.2476792	C34H44O19
758.2739743	C27H51FeN9O12
762.5904901	C42H84NO8P
764.2167191	C41H38N6O5S2
768.4111498	C42H59N3O10
772.3545928	C39H54N6O8S
778.6028977	C50H83O4P
779.8451984	C17H22I3N3O8
780.2295252	C30H43N6O16P
780.263371	C35H44N4O16
782.2451753	C30H45N6O16P
782.55919	C44H80NO8P
793.9819688	C18H26N4O23P4
794.5000065	C41H69N7O8
794.6213111	C54H82O4
796.1460986	C27H35N9O15P2
796.2608254	C31H47N6O16P
798.476557	C42H70O14
800.0573177	C32H32O16S4
800.1072226	C35H28O22
800.4688408	C41H69NO14
800.492207	C42H72O14
808.3436403	C43H53NO14
816.4583178	C43H65N5O10
828.224313	C39H41NO19
830.2368062	C43H42ClN3O12
832.3153649	C41H52O18
836.2659542	C31H53N3O19P2
838.4503422	C47H66O13
838.5186396	C41H76N2O15
840.263371	C40H44N4O16
842.1206674	C25H40N7O17P3S
842.2529824	C40H44N2O18
842.3638027	C49H58FeN4O5
844.3517504	C43H56O17
846.115582	C24H40N7O18P3S
846.2317208	C43H42ClN3O13
852.091828	C23H38N3O25P3
854.3279902	C47H51NO14
858.247897	C40H44N2O19
858.2739356	C40H46N4O17
860.1078659	C24H39N8O18P3S
860.1312321	C25H42N7O18P3S
860.3569191	C44H52N8O10
862.1832676	C26H48N7O17P3S
862.1956437	C42H38O20
862.3623151	C43H58O18
862.6839114	C59H90O4
872.486241	C55H62N10
874.1468821	C26H44N7O18P3S
878.008443	C20H28N10O21P4
878.5499397	C44H80N2O15
882.1519675	C28H44N7O17P3S
882.3103212	C43H50N4O16
884.0948465	C26H38N7O19P3S
884.4247808	C45H62N6O12
886.1104966	C26H40N7O19P3S
888.1625322	C27H46N7O18P3S
894.115582	C28H40N7O18P3S
896.5234529	C55H72MgN4O5
898.3052358	C43H50N4O17
898.3416213	C44H54N4O16
900.1261467	C27H42N7O19P3S
900.3572713	C44H56N4O16
901.1833765	C28H48N8O17P3S
902.5005349	C45H75NO17
903.1990266	C28H50N8O17P3S
904.4456508	C47H68O17
906.1367114	C26H44N7O20P3S
906.2901508	C34H54Cl2N10O14
906.5802758	C56H78N4O6
908.1312321	C29H42N7O18P3S
908.3165883	C34H56N4O24
908.3296076	C34H57N5O23
912.5183675	C55H72MgN4O6
914.1417967	C28H44N7O19P3S
914.5340176	C55H74MgN4O6
928.1938323	C30H50N7O18P3S
928.2302178	C31H54N7O17P3S
940.6557211	C56H93O9P
942.2094824	C31H52N7O18P3S
944.5344658	C48H80O18
946.0427227	C28H38Cl2N7O17P3S
946.3712963	C37H61N7O21
946.5501158	C48H82O18
956.2615179	C33H58N7O17P3S
962.5710691	C48H84N2O17
978.1367114	C32H44N7O20P3S
984.5064498	C44H77N5O19
988.295938	C34H58N5O26P
992.1289952	C32H43N8O20P3S
996.2432056	C46H46N2O23
1012.324118	C37H66N7O17P3S
1012.952811	C66H125NO5
1014.173097	C36H48N7O19P3S
1018.547879	C50H83NO20
1030.53486	C51H82O21
1034.542794	C50H83NO21
1048.545424	C51H84O22
1056.563529	C53H85NO20
1058.495968	C50H71N13O12
1058.56616	C53H86O21
1062.524689	C51H82O23
1064.540339	C51H84O23
1074.516922	C50H73N15O11
1098.565984	C58H84N2O18
1134.369764	C42H70O35
1152.380329	C42H72O36
1152.670356	C60H92N12O10
1156.171498	C48H49N13O9S6
1158.493427	C62H79ClN4O13S
1164.371462	C45H74N7O20P3S
1192.372345	C42H71N6O31P
1198.522619	C55H75N17O13
1210.598248	C57H94O27
1212.520869	C48H84N8O27
1224.577512	C57H92O28
1224.808752	C63H111N11O12
1228.608813	C57H96O28
1230.359059	C43H70N10O27P2
1236.613898	C59H96O27
1256.775308	C62H114N2O23
1268.603727	C59H96O29
1273.550995	C24H21I6N5O8
1282.616084	C66H87N13O13
1338.046404	C36H46N16Na4O21S6
1340.613888	C66H86N18O12
1450.408443	C42H92N10O34S5
1456.403514	C66H75Cl2N9O24
1456.651071	C70H104O32
1474.760353	C72H110N12O20
1636.65996	C72H101N17O26
1735.000064	C95H146O28
1799.213462	C94H178N2O25P2
1846.964637	C84H154N2O37P2
1872.173762	C82H56O52
1874.189412	C82H58O52
1883.036879	C94H156N8O26P2
1884.514246	C88H95Cl2N9O33
1927.026709	C95H156N8O28P2
2166.786537	C92H130N28O24S4
2173.142392	C104H172N14O30P2
2572.972779	C119H154ClN21O40
5165.591454	C27H4804
5166.599279	C27H4805
